# ASAP7 nmos_lvt L=21nm NFIN=3 |VDS|=0.35 V tt 27C, ESPice BSIM-CMG (gm,gds,Cgg from AC at 1e+06 Hz). MEASURED.
# VGS_V,gm_id_per_V,id_per_fin_A,gm_gds,cgg_per_fin_F,ft_Hz,id_A,gm_S,gds_S
1.000000e-02,3.750200e+01,1.453532e-10,4.659652e+01,2.256217e-17,3.845194e+07,4.360596e-10,1.635311e-08,3.509513e-10
2.000000e-02,3.754506e+01,2.115407e-10,4.782836e+01,2.256316e-17,5.602310e+07,6.346222e-10,2.382693e-08,4.981757e-10
3.000000e-02,3.757251e+01,3.079742e-10,4.887139e+01,2.256459e-17,8.161637e+07,9.239227e-10,3.471410e-08,7.103154e-10
4.000000e-02,3.758915e+01,4.484656e-10,4.978610e+01,2.256668e-17,1.188897e+08,1.345397e-09,5.057232e-08,1.015792e-09
5.000000e-02,3.759796e+01,6.531280e-10,5.060902e+01,2.256972e-17,1.731636e+08,1.959384e-09,7.366884e-08,1.455646e-09
6.000000e-02,3.760062e+01,9.512441e-10,5.137660e+01,2.257415e-17,2.521714e+08,2.853732e-09,1.073021e-07,2.088541e-09
7.000000e-02,3.759783e+01,1.385432e-09,5.210559e+01,2.258060e-17,3.671409e+08,4.156297e-09,1.562677e-07,2.999059e-09
8.000000e-02,3.758937e+01,2.017690e-09,5.281534e+01,2.258998e-17,5.343474e+08,6.053069e-09,2.275311e-07,4.308049e-09
9.000000e-02,3.757420e+01,2.938142e-09,5.351449e+01,2.260362e-17,7.773285e+08,8.814425e-09,3.311949e-07,6.188884e-09
1.000000e-01,3.755028e+01,4.277669e-09,5.421010e+01,2.262344e-17,1.130009e+09,1.283301e-08,4.818830e-07,8.889174e-09
1.100000e-01,3.751437e+01,6.226057e-09,5.490406e+01,2.265219e-17,1.641045e+09,1.867817e-08,7.006998e-07,1.276226e-08
1.200000e-01,3.746157e+01,9.057920e-09,5.559769e+01,2.269384e-17,2.379725e+09,2.717376e-08,1.017972e-06,1.830961e-08
1.300000e-01,3.738483e+01,1.316939e-08,5.628870e+01,2.275398e-17,3.443688e+09,3.950817e-08,1.477006e-06,2.623983e-08
1.400000e-01,3.727413e+01,1.912934e-08,5.697146e+01,2.284052e-17,4.968459e+09,5.738802e-08,2.139089e-06,3.754667e-08
1.500000e-01,3.711562e+01,2.774953e-08,5.763710e+01,2.296433e-17,7.138035e+09,8.324859e-08,3.089823e-06,5.360823e-08
1.600000e-01,3.689064e+01,4.017781e-08,5.827092e+01,2.314008e-17,1.019431e+10,1.205334e-07,4.446555e-06,7.630831e-08
1.700000e-01,3.657501e+01,5.801666e-08,5.885264e+01,2.338684e-17,1.444062e+10,1.740500e-07,6.365880e-06,1.081664e-07
1.800000e-01,3.613906e+01,8.346392e-08,5.935393e+01,2.372804e-17,2.023177e+10,2.503918e-07,9.048923e-06,1.524570e-07
1.900000e-01,3.554924e+01,1.194620e-07,5.973852e+01,2.419027e-17,2.794086e+10,3.583861e-07,1.274035e-05,2.132687e-07
2.000000e-01,3.477224e+01,1.698260e-07,5.996284e+01,2.479991e-17,3.789719e+10,5.094781e-07,1.771570e-05,2.954446e-07
2.100000e-01,3.378167e+01,2.393028e-07,5.997925e+01,2.557750e-17,5.030266e+10,7.179085e-07,2.425215e-05,4.043424e-07
2.200000e-01,3.256621e+01,3.335044e-07,5.974200e+01,2.653063e-17,6.515402e+10,1.000513e-06,3.258292e-05,5.453938e-07
2.300000e-01,3.113574e+01,4.586717e-07,5.921439e+01,2.764829e-17,8.220778e+10,1.376015e-06,4.284324e-05,7.235276e-07
2.400000e-01,2.952257e+01,6.212662e-07,5.837519e+01,2.890013e-17,1.010072e+11,1.863799e-06,5.502412e-05,9.425942e-07
2.500000e-01,2.777763e+01,8.274472e-07,5.722314e+01,3.024218e-17,1.209602e+11,2.482342e-06,6.895356e-05,1.204994e-06
2.600000e-01,2.596374e+01,1.082558e-06,5.577929e+01,3.162667e-17,1.414442e+11,3.247675e-06,8.432179e-05,1.511704e-06
2.700000e-01,2.414397e+01,1.390755e-06,5.408276e+01,3.301138e-17,1.618884e+11,4.172265e-06,1.007351e-04,1.862609e-06
2.800000e-01,2.236942e+01,1.754807e-06,5.217915e+01,3.436501e-17,1.817975e+11,5.264422e-06,1.177621e-04,2.256880e-06
2.900000e-01,2.067545e+01,2.176037e-06,5.011330e+01,3.566814e-17,2.007525e+11,6.528111e-06,1.349717e-04,2.693330e-06
3.000000e-01,1.908392e+01,2.654379e-06,4.792702e+01,3.691134e-17,2.184192e+11,7.963137e-06,1.519678e-04,3.170818e-06
3.100000e-01,1.760638e+01,3.188544e-06,4.565849e+01,3.809228e-17,2.345555e+11,9.565633e-06,1.684161e-04,3.688605e-06
3.200000e-01,1.624695e+01,3.776254e-06,4.334195e+01,3.921307e-17,2.490131e+11,1.132876e-05,1.840578e-04,4.246643e-06
3.300000e-01,1.500453e+01,4.414497e-06,4.100742e+01,4.027818e-17,2.617302e+11,1.324349e-05,1.987123e-04,4.845765e-06
3.400000e-01,1.387451e+01,5.099783e-06,3.868060e+01,4.129317e-17,2.727164e+11,1.529935e-05,2.122709e-04,5.487788e-06
3.500000e-01,1.285004e+01,5.828362e-06,3.638287e+01,4.226380e-17,2.820348e+11,1.748509e-05,2.246841e-04,6.175546e-06
3.600000e-01,1.192304e+01,6.596398e-06,3.413156e+01,4.319564e-17,2.897838e+11,1.978919e-05,2.359474e-04,6.912879e-06
3.700000e-01,1.108485e+01,7.400095e-06,3.194031e+01,4.409380e-17,2.960804e+11,2.220028e-05,2.460868e-04,7.704586e-06
3.800000e-01,1.032679e+01,8.235778e-06,2.981958e+01,4.496282e-17,3.010484e+11,2.470733e-05,2.551473e-04,8.556369e-06
3.900000e-01,9.640469e+00,9.099938e-06,2.777726e+01,4.580664e-17,3.048093e+11,2.729982e-05,2.631830e-04,9.474765e-06
4.000000e-01,9.018049e+00,9.989256e-06,2.581914e+01,4.662858e-17,3.074777e+11,2.996777e-05,2.702508e-04,1.046707e-05
4.100000e-01,8.452324e+00,1.090060e-05,2.394937e+01,4.743133e-17,3.091585e+11,3.270179e-05,2.764061e-04,1.154127e-05
4.200000e-01,7.936797e+00,1.183101e-05,2.217083e+01,4.821700e-17,3.099466e+11,3.549302e-05,2.817009e-04,1.270592e-05
4.300000e-01,7.465668e+00,1.277770e-05,2.048536e+01,4.898711e-17,3.099272e+11,3.833310e-05,2.861822e-04,1.397008e-05
4.400000e-01,7.033814e+00,1.373803e-05,1.889390e+01,4.974263e-17,3.091768e+11,4.121410e-05,2.898923e-04,1.534317e-05
4.500000e-01,6.636731e+00,1.470950e-05,1.739663e+01,5.048398e-17,3.077646e+11,4.412850e-05,2.928690e-04,1.683481e-05
4.600000e-01,6.270479e+00,1.568971e-05,1.599297e+01,5.121112e-17,3.057536e+11,4.706914e-05,2.951461e-04,1.845473e-05
4.700000e-01,5.931622e+00,1.667640e-05,1.468169e+01,5.192354e-17,3.032017e+11,5.002919e-05,2.967543e-04,2.021254e-05
4.800000e-01,5.617170e+00,1.766736e-05,1.346089e+01,5.262029e-17,3.001623e+11,5.300209e-05,2.977218e-04,2.211753e-05
4.900000e-01,5.324519e+00,1.866053e-05,1.232809e+01,5.330013e-17,2.966854e+11,5.598158e-05,2.980750e-04,2.417851e-05
5.000000e-01,5.051406e+00,1.965388e-05,1.128027e+01,5.396148e-17,2.928174e+11,5.896163e-05,2.978392e-04,2.640355e-05
5.100000e-01,4.795863e+00,2.064549e-05,1.031394e+01,5.460260e-17,2.886017e+11,6.193648e-05,2.970389e-04,2.879974e-05
5.200000e-01,4.556177e+00,2.163354e-05,9.425259e+00,5.522162e-17,2.840790e+11,6.490061e-05,2.956987e-04,3.137300e-05
5.300000e-01,4.330856e+00,2.261625e-05,8.610080e+00,5.581666e-17,2.792869e+11,6.784874e-05,2.938431e-04,3.412780e-05
5.400000e-01,4.118601e+00,2.359195e-05,7.864074e+00,5.638591e-17,2.742603e+11,7.077584e-05,2.914974e-04,3.706697e-05
5.500000e-01,3.918278e+00,2.455905e-05,7.182805e+00,5.692776e-17,2.690313e+11,7.367714e-05,2.886875e-04,4.019148e-05
5.600000e-01,3.728899e+00,2.551604e-05,6.561807e+00,5.744086e-17,2.636290e+11,7.654813e-05,2.854403e-04,4.350025e-05
5.700000e-01,3.549599e+00,2.646153e-05,5.996660e+00,5.792418e-17,2.580800e+11,7.938458e-05,2.817834e-04,4.699006e-05
5.800000e-01,3.379621e+00,2.739418e-05,5.483042e+00,5.837714e-17,2.524083e+11,8.218253e-05,2.777458e-04,5.065542e-05
5.900000e-01,3.218303e+00,2.831277e-05,5.016783e+00,5.879959e-17,2.466353e+11,8.493832e-05,2.733572e-04,5.448855e-05
6.000000e-01,3.065059e+00,2.921620e-05,4.593894e+00,5.919184e-17,2.407803e+11,8.764860e-05,2.686482e-04,5.847941e-05
6.100000e-01,2.919376e+00,3.010344e-05,4.210596e+00,5.955467e-17,2.348608e+11,9.031032e-05,2.636498e-04,6.261579e-05
6.200000e-01,2.780797e+00,3.097358e-05,3.863339e+00,5.988928e-17,2.288926e+11,9.292074e-05,2.583937e-04,6.688350e-05
6.300000e-01,2.648912e+00,3.182581e-05,3.548806e+00,6.019725e-17,2.228900e+11,9.547744e-05,2.529114e-04,7.126661e-05
6.400000e-01,2.523357e+00,3.265944e-05,3.263919e+00,6.048050e-17,2.168664e+11,9.797832e-05,2.472343e-04,7.574769e-05
6.500000e-01,2.403799e+00,3.347386e-05,3.005836e+00,6.074117e-17,2.108341e+11,1.004216e-04,2.413933e-04,8.030819e-05
6.600000e-01,2.289934e+00,3.426858e-05,2.771950e+00,6.098157e-17,2.048050e+11,1.028057e-04,2.354184e-04,8.492880e-05
6.700000e-01,2.181483e+00,3.504320e-05,2.559872e+00,6.120411e-17,1.987902e+11,1.051296e-04,2.293384e-04,8.958980e-05
6.800000e-01,2.078184e+00,3.579742e-05,2.367427e+00,6.141121e-17,1.928005e+11,1.073922e-04,2.231808e-04,9.427148e-05
6.900000e-01,1.979793e+00,3.653101e-05,2.192641e+00,6.160525e-17,1.868461e+11,1.095930e-04,2.169715e-04,9.895443e-05
7.000000e-01,1.886079e+00,3.724386e-05,2.033727e+00,6.178848e-17,1.809369e+11,1.117316e-04,2.107346e-04,1.036199e-04
