# ASAP7 nmos_rvt L=21nm NFIN=1 |VDS|=0.35 V tt 27C, ESPice BSIM-CMG (gm,gds,Cgg from AC at 1e+06 Hz). MEASURED.
# VGS_V,gm_id_per_V,id_per_fin_A,gm_gds,cgg_per_fin_F,ft_Hz,id_A,gm_S,gds_S
1.000000e-02,3.565183e+01,1.174040e-11,2.768235e+01,2.256020e-17,2.952854e+06,1.174040e-11,4.185669e-10,1.512035e-11
2.000000e-02,3.631085e+01,1.682819e-11,3.237841e+01,2.256028e-17,4.310716e+06,1.682819e-11,6.110459e-10,1.887202e-11
3.000000e-02,3.676066e+01,2.425343e-11,3.647606e+01,2.256040e-17,6.289698e+06,2.425343e-11,8.915722e-10,2.444267e-11
4.000000e-02,3.706453e+01,3.508537e-11,4.013558e+01,2.256058e-17,9.173910e+06,3.508537e-11,1.300423e-09,3.240075e-11
5.000000e-02,3.726825e+01,5.088237e-11,4.298970e+01,2.256084e-17,1.337738e+07,5.088237e-11,1.896297e-09,4.411049e-11
6.000000e-02,3.740397e+01,7.391558e-11,4.537104e+01,2.256122e-17,1.950344e+07,7.391558e-11,2.764736e-09,6.093615e-11
7.000000e-02,3.749383e+01,1.074949e-10,4.726899e+01,2.256177e-17,2.843118e+07,1.074949e-10,4.030397e-09,8.526513e-11
8.000000e-02,3.755284e+01,1.564440e-10,4.884339e+01,2.256257e-17,4.144130e+07,1.564440e-10,5.874916e-09,1.202807e-10
9.000000e-02,3.759106e+01,2.277917e-10,5.008001e+01,2.256373e-17,6.039927e+07,2.277917e-10,8.562931e-09,1.709850e-10
1.000000e-01,3.761509e+01,3.317800e-10,5.115315e+01,2.256543e-17,8.802151e+07,3.317800e-10,1.247993e-08,2.439720e-10
1.100000e-01,3.762918e+01,4.833304e-10,5.210991e+01,2.256790e-17,1.282619e+08,4.833304e-10,1.818733e-08,3.490186e-10
1.200000e-01,3.763593e+01,7.041782e-10,5.295720e+01,2.257151e-17,1.868722e+08,7.041782e-10,2.650240e-08,5.004495e-10
1.300000e-01,3.763668e+01,1.025976e-09,5.375990e+01,2.257676e-17,2.722117e+08,1.025976e-09,3.861431e-08,7.182734e-10
1.400000e-01,3.763181e+01,1.494798e-09,5.452313e+01,2.258440e-17,3.964141e+08,1.494798e-09,5.625195e-08,1.031708e-09
1.500000e-01,3.762082e+01,2.177679e-09,5.526300e+01,2.259553e-17,5.770585e+08,2.177679e-09,8.192609e-08,1.482476e-09
1.600000e-01,3.760229e+01,3.172064e-09,5.599758e+01,2.261170e-17,8.395434e+08,3.172064e-09,1.192769e-07,2.130037e-09
1.700000e-01,3.757372e+01,4.619435e-09,5.672421e+01,2.263520e-17,1.220419e+09,4.619435e-09,1.735694e-07,3.059881e-09
1.800000e-01,3.753121e+01,6.724857e-09,5.744912e+01,2.266927e-17,1.771977e+09,6.724857e-09,2.523920e-07,4.393314e-09
1.900000e-01,3.746900e+01,9.784810e-09,5.817313e+01,2.271859e-17,2.568404e+09,9.784810e-09,3.666271e-07,6.302344e-09
2.000000e-01,3.737885e+01,1.422638e-08,5.888932e+01,2.278972e-17,3.713654e+09,1.422638e-08,5.317657e-07,9.029918e-09
2.100000e-01,3.724917e+01,2.066160e-08,5.959256e+01,2.289187e-17,5.350809e+09,2.066160e-08,7.696275e-07,1.291482e-08
2.200000e-01,3.706412e+01,2.996103e-08,6.026986e+01,2.303758e-17,7.671737e+09,2.996103e-08,1.110479e-06,1.842511e-08
2.300000e-01,3.680268e+01,4.334994e-08,6.090258e+01,2.324352e-17,1.092411e+10,4.334994e-08,1.595394e-06,2.619583e-08
2.400000e-01,3.643823e+01,6.252761e-08,6.146522e+01,2.353088e-17,1.541030e+10,6.252761e-08,2.278396e-06,3.706805e-08
2.500000e-01,3.593922e+01,8.980329e-08,6.192315e+01,2.392484e-17,2.146999e+10,8.980329e-08,3.227460e-06,5.212041e-08
2.600000e-01,3.527180e+01,1.282307e-07,6.223373e+01,2.445247e-17,2.943859e+10,1.282307e-07,4.522928e-06,7.267647e-08
2.700000e-01,3.440529e+01,1.817065e-07,6.234770e+01,2.513825e-17,3.958046e+10,1.817065e-07,6.251666e-06,1.002710e-07
2.800000e-01,3.331982e+01,2.549850e-07,6.221500e+01,2.599747e-17,5.201234e+10,2.549850e-07,8.496055e-06,1.365596e-07
2.900000e-01,3.201424e+01,3.535599e-07,6.179205e+01,2.702931e-17,6.664866e+10,3.535599e-07,1.131895e-05,1.831781e-07
3.000000e-01,3.051035e+01,4.833912e-07,6.104994e+01,2.821312e-17,8.319839e+10,4.833912e-07,1.474844e-05,2.415799e-07
3.100000e-01,2.885084e+01,6.504990e-07,5.997986e+01,2.951067e-17,1.012153e+11,6.504990e-07,1.876744e-05,3.128957e-07
3.200000e-01,2.709196e+01,8.604979e-07,5.859445e+01,3.087437e-17,1.201745e+11,8.604979e-07,2.331258e-05,3.978632e-07
3.300000e-01,2.529486e+01,1.118174e-06,5.692639e+01,3.225746e-17,1.395506e+11,1.118174e-06,2.828405e-05,4.968531e-07
3.400000e-01,2.351602e+01,1.427202e-06,5.502240e+01,3.362191e-17,1.588719e+11,1.427202e-06,3.356211e-05,6.099717e-07
3.500000e-01,2.179879e+01,1.790016e-06,5.293241e+01,3.494167e-17,1.777320e+11,1.790016e-06,3.902018e-05,7.371699e-07
3.600000e-01,2.017129e+01,2.207790e-06,5.070267e+01,3.620214e-17,1.957840e+11,2.207790e-06,4.453396e-05,8.783355e-07
3.700000e-01,1.864928e+01,2.680499e-06,4.837410e+01,3.739762e-17,2.127423e+11,2.680499e-06,4.998937e-05,1.033391e-06
3.800000e-01,1.723977e+01,3.207055e-06,4.598254e+01,3.852848e-17,2.283895e+11,3.207055e-06,5.528888e-05,1.202389e-06
3.900000e-01,1.594375e+01,3.785496e-06,4.355922e+01,3.959862e-17,2.425790e+11,3.785496e-06,6.035498e-05,1.385584e-06
4.000000e-01,1.475826e+01,4.413186e-06,4.113113e+01,4.061375e-17,2.552317e+11,4.413186e-06,6.513096e-05,1.583496e-06
4.100000e-01,1.367784e+01,5.087022e-06,3.872123e+01,4.158018e-17,2.663267e+11,5.087022e-06,6.957945e-05,1.796933e-06
4.200000e-01,1.269547e+01,5.803612e-06,3.634875e+01,4.250418e-17,2.758899e+11,5.803612e-06,7.367960e-05,2.027019e-06
4.300000e-01,1.180341e+01,6.559425e-06,3.402950e+01,4.339154e-17,2.839803e+11,6.559425e-06,7.742356e-05,2.275190e-06
4.400000e-01,1.099361e+01,7.350901e-06,3.177624e+01,4.424743e-17,2.906786e+11,7.350901e-06,8.081295e-05,2.543188e-06
4.500000e-01,1.025817e+01,8.174529e-06,2.959912e+01,4.507632e-17,2.960768e+11,8.174529e-06,8.385574e-05,2.833049e-06
4.600000e-01,9.589526e+00,9.026899e-06,2.750603e+01,4.588202e-17,3.002710e+11,9.026899e-06,8.656369e-05,3.147081e-06
4.700000e-01,8.980601e+00,9.904732e-06,2.550302e+01,4.666763e-17,3.033559e+11,9.904732e-06,8.895044e-05,3.487839e-06
4.800000e-01,8.424919e+00,1.080489e-05,2.359459e+01,4.743563e-17,3.054228e+11,1.080489e-05,9.103029e-05,3.858100e-06
4.900000e-01,7.916617e+00,1.172436e-05,2.178389e+01,4.818790e-17,3.065568e+11,1.172436e-05,9.281727e-05,4.260821e-06
5.000000e-01,7.450441e+00,1.266030e-05,2.007292e+01,4.892577e-17,3.068375e+11,1.266030e-05,9.432481e-05,4.699108e-06
5.100000e-01,7.021725e+00,1.360997e-05,1.846262e+01,4.965002e-17,3.063385e+11,1.360997e-05,9.556545e-05,5.176159e-06
5.200000e-01,6.626346e+00,1.457076e-05,1.695296e+01,5.036099e-17,3.051280e+11,1.457076e-05,9.655088e-05,5.695221e-06
5.300000e-01,6.260675e+00,1.554017e-05,1.554304e+01,5.105852e-17,3.032696e+11,1.554017e-05,9.729196e-05,6.259522e-06
5.400000e-01,5.921530e+00,1.651582e-05,1.423108e+01,5.174206e-17,3.008226e+11,1.651582e-05,9.779890e-05,6.872206e-06
5.500000e-01,5.606124e+00,1.749540e-05,1.301459e+01,5.241072e-17,2.978424e+11,1.749540e-05,9.808138e-05,7.536265e-06
5.600000e-01,5.312018e+00,1.847673e-05,1.189039e+01,5.306330e-17,2.943814e+11,1.847673e-05,9.814871e-05,8.254454e-06
5.700000e-01,5.037084e+00,1.945769e-05,1.085476e+01,5.369838e-17,2.904888e+11,1.945769e-05,9.801001e-05,9.029216e-06
5.800000e-01,4.779459e+00,2.043627e-05,9.903510e+00,5.431439e-17,2.862105e+11,2.043627e-05,9.767433e-05,9.862597e-06
5.900000e-01,4.537519e+00,2.141055e-05,9.032107e+00,5.490969e-17,2.815901e+11,2.141055e-05,9.715078e-05,1.075616e-05
6.000000e-01,4.309843e+00,2.237869e-05,8.235794e+00,5.548269e-17,2.766679e+11,2.237869e-05,9.644865e-05,1.171091e-05
6.100000e-01,4.095189e+00,2.333896e-05,7.509688e+00,5.603188e-17,2.714816e+11,2.333896e-05,9.557745e-05,1.272722e-05
6.200000e-01,3.892472e+00,2.428971e-05,6.848868e+00,5.655599e-17,2.660659e+11,2.428971e-05,9.454701e-05,1.380476e-05
6.300000e-01,3.700741e+00,2.522940e-05,6.248463e+00,5.705401e-17,2.604532e+11,2.522940e-05,9.336748e-05,1.494247e-05
6.400000e-01,3.519165e+00,2.615660e-05,5.703715e+00,5.752526e-17,2.546727e+11,2.615660e-05,9.204937e-05,1.613849e-05
6.500000e-01,3.347012e+00,2.706996e-05,5.210036e+00,5.796946e-17,2.487516e+11,2.706996e-05,9.060349e-05,1.739018e-05
6.600000e-01,3.183640e+00,2.796828e-05,4.763045e+00,5.838672e-17,2.427145e+11,2.796828e-05,8.904092e-05,1.869412e-05
6.700000e-01,3.028480e+00,2.885043e-05,4.358598e+00,5.877757e-17,2.365841e+11,2.885043e-05,8.737296e-05,2.004612e-05
6.800000e-01,2.881030e+00,2.971542e-05,3.992805e+00,5.914292e-17,2.303812e+11,2.971542e-05,8.561103e-05,2.144133e-05
6.900000e-01,2.740840e+00,3.056238e-05,3.662042e+00,5.948401e-17,2.241251e+11,3.056238e-05,8.376657e-05,2.287428e-05
7.000000e-01,2.607504e+00,3.139052e-05,3.362951e+00,5.980241e-17,2.178336e+11,3.139052e-05,8.185090e-05,2.433901e-05
