# ASAP7 nmos_slvt L=21nm NFIN=2 |VDS|=0.35 V tt 27C, ESPice BSIM-CMG (gm,gds,Cgg from AC at 1e+06 Hz). MEASURED.
# VGS_V,gm_id_per_V,id_per_fin_A,gm_gds,cgg_per_fin_F,ft_Hz,id_A,gm_S,gds_S
1.000000e-02,3.755871e+01,1.505819e-09,5.109929e+01,2.258120e-17,3.986176e+08,3.011637e-09,1.131132e-07,2.213596e-09
2.000000e-02,3.754962e+01,2.192151e-09,5.180079e+01,2.259084e-17,5.799144e+08,4.384302e-09,1.646289e-07,3.178116e-09
3.000000e-02,3.753374e+01,3.190911e-09,5.249292e+01,2.260485e-17,8.432475e+08,6.381823e-09,2.395337e-07,4.563162e-09
4.000000e-02,3.750893e+01,4.643780e-09,5.318333e+01,2.262520e-17,1.225276e+09,9.287559e-09,3.483664e-07,6.550295e-09
5.000000e-02,3.747182e+01,6.756091e-09,5.387377e+01,2.265471e-17,1.778533e+09,1.351218e-08,5.063260e-07,9.398377e-09
6.000000e-02,3.741737e+01,9.824777e-09,5.456578e+01,2.269743e-17,2.577741e+09,1.964955e-08,7.352345e-07,1.347428e-08
7.000000e-02,3.733831e+01,1.427786e-08,5.525561e+01,2.275909e-17,3.728060e+09,2.855572e-08,1.066222e-06,1.929618e-08
8.000000e-02,3.722437e+01,2.072950e-08,5.593852e+01,2.284774e-17,5.375180e+09,4.145900e-08,1.543285e-06,2.758895e-08
9.000000e-02,3.706138e+01,3.005517e-08,5.660500e+01,2.297448e-17,7.716408e+09,6.011033e-08,2.227772e-06,3.935645e-08
1.000000e-01,3.683028e+01,4.349122e-08,5.724075e+01,2.315421e-17,1.101024e+10,8.698243e-08,3.203587e-06,5.596689e-08
1.100000e-01,3.650642e+01,6.276085e-08,5.782536e+01,2.340626e-17,1.557924e+10,1.255217e-07,4.582348e-06,7.924461e-08
1.200000e-01,3.605972e+01,9.022246e-08,5.833116e+01,2.375428e-17,2.179793e+10,1.804449e-07,6.506793e-06,1.115492e-07
1.300000e-01,3.545633e+01,1.290247e-07,5.872207e+01,2.422492e-17,3.005553e+10,2.580493e-07,9.149484e-06,1.558100e-07
1.400000e-01,3.466291e+01,1.832352e-07,5.895510e+01,2.484437e-17,4.068799e+10,3.664705e-07,1.270293e-05,2.154679e-07
1.500000e-01,3.365334e+01,2.578917e-07,5.898317e+01,2.563259e-17,5.388815e+10,5.157834e-07,1.735783e-05,2.942845e-07
1.600000e-01,3.241667e+01,3.589124e-07,5.876066e+01,2.659626e-17,6.962357e+10,7.178247e-07,2.326948e-05,3.960045e-07
1.700000e-01,3.096283e+01,4.928213e-07,5.825015e+01,2.772339e-17,8.759995e+10,9.856425e-07,3.051828e-05,5.239176e-07
1.800000e-01,2.932419e+01,6.662843e-07,5.742881e+01,2.898296e-17,1.072909e+11,1.332569e-06,3.907649e-05,6.804336e-07
1.900000e-01,2.755368e+01,8.855325e-07,5.629499e+01,3.033098e-17,1.280318e+11,1.771065e-06,4.879935e-05,8.668507e-07
2.000000e-01,2.571748e+01,1.155827e-06,5.487106e+01,3.172038e-17,1.491431e+11,2.311654e-06,5.944991e-05,1.083448e-06
2.100000e-01,2.387959e+01,1.481092e-06,5.319568e+01,3.311006e-17,1.700079e+11,2.962183e-06,7.073574e-05,1.329727e-06
2.200000e-01,2.209050e+01,1.863716e-06,5.131285e+01,3.446990e-17,1.900927e+11,3.727432e-06,8.234085e-05,1.604683e-06
2.300000e-01,2.038550e+01,2.304517e-06,4.926699e+01,3.578139e-17,2.089605e+11,4.609035e-06,9.395746e-05,1.907108e-06
2.400000e-01,1.878682e+01,2.802853e-06,4.710091e+01,3.703556e-17,2.262845e+11,5.605706e-06,1.053134e-04,2.235910e-06
2.500000e-01,1.730641e+01,3.356849e-06,4.485449e+01,3.823014e-17,2.418538e+11,6.713698e-06,1.161900e-04,2.590376e-06
2.600000e-01,1.594842e+01,3.963687e-06,4.256363e+01,3.936693e-17,2.555675e+11,7.927374e-06,1.264291e-04,2.970355e-06
2.700000e-01,1.471147e+01,4.619909e-06,4.025962e+01,4.044993e-17,2.674187e+11,9.239818e-06,1.359313e-04,3.376368e-06
2.800000e-01,1.359036e+01,5.321688e-06,3.796874e+01,4.148419e-17,2.774712e+11,1.064338e-05,1.446473e-04,3.809643e-06
2.900000e-01,1.257754e+01,6.065053e-06,3.571230e+01,4.247501e-17,2.858360e+11,1.213011e-05,1.525669e-04,4.272111e-06
3.000000e-01,1.166413e+01,6.846056e-06,3.350694e+01,4.342758e-17,2.926491e+11,1.369211e-05,1.597065e-04,4.766372e-06
3.100000e-01,1.084076e+01,7.660874e-06,3.136524e+01,4.434672e-17,2.980552e+11,1.532175e-05,1.660994e-04,5.295654e-06
3.200000e-01,1.009814e+01,8.505875e-06,2.929641e+01,4.523682e-17,3.021959e+11,1.701175e-05,1.717871e-04,5.863758e-06
3.300000e-01,9.427395e+00,9.377643e-06,2.730703e+01,4.610166e-17,3.052031e+11,1.875529e-05,1.768135e-04,6.475017e-06
3.400000e-01,8.820302e+00,1.027298e-05,2.540166e+01,4.694449e-17,3.071959e+11,2.054596e-05,1.812216e-04,7.134240e-06
3.500000e-01,8.269405e+00,1.118889e-05,2.358339e+01,4.776794e-17,3.082798e+11,2.237779e-05,1.850510e-04,7.846668e-06
3.600000e-01,7.768040e+00,1.212258e-05,2.185419e+01,4.857403e-17,3.085479e+11,2.424517e-05,1.883374e-04,8.617908e-06
3.700000e-01,7.310313e+00,1.307142e-05,2.021522e+01,4.936421e-17,3.080821e+11,2.614283e-05,1.911123e-04,9.453878e-06
3.800000e-01,6.891056e+00,1.403290e-05,1.866693e+01,5.013934e-17,3.069550e+11,2.806580e-05,1.934030e-04,1.036073e-05
3.900000e-01,6.505759e+00,1.500468e-05,1.720917e+01,5.089973e-17,3.052315e+11,3.000936e-05,1.952336e-04,1.134475e-05
4.000000e-01,6.150501e+00,1.598451e-05,1.584120e+01,5.164516e-17,3.029704e+11,3.196901e-05,1.966254e-04,1.241229e-05
4.100000e-01,5.821882e+00,1.697023e-05,1.456174e+01,5.237495e-17,3.002256e+11,3.394047e-05,1.975974e-04,1.356962e-05
4.200000e-01,5.516953e+00,1.795981e-05,1.336900e+01,5.308798e-17,2.970468e+11,3.591962e-05,1.981668e-04,1.482287e-05
4.300000e-01,5.233158e+00,1.895126e-05,1.226062e+01,5.378276e-17,2.934803e+11,3.790252e-05,1.983499e-04,1.617780e-05
4.400000e-01,4.968284e+00,1.994269e-05,1.123381e+01,5.445753e-17,2.895691e+11,3.988538e-05,1.981619e-04,1.763978e-05
4.500000e-01,4.720408e+00,2.093228e-05,1.028534e+01,5.511031e-17,2.853537e+11,4.186457e-05,1.976179e-04,1.921354e-05
4.600000e-01,4.487864e+00,2.191830e-05,9.411656e+00,5.573900e-17,2.808714e+11,4.383660e-05,1.967327e-04,2.090309e-05
4.700000e-01,4.269200e+00,2.289907e-05,8.608899e+00,5.634151e-17,2.761569e+11,4.579813e-05,1.955214e-04,2.271154e-05
4.800000e-01,4.063155e+00,2.387300e-05,7.873034e+00,5.691584e-17,2.712422e+11,4.774599e-05,1.939993e-04,2.464099e-05
4.900000e-01,3.868629e+00,2.483857e-05,7.199906e+00,5.746021e-17,2.661562e+11,4.967714e-05,1.921824e-04,2.669235e-05
5.000000e-01,3.684664e+00,2.579436e-05,6.585317e+00,5.797311e-17,2.609252e+11,5.158871e-05,1.900871e-04,2.886528e-05
5.100000e-01,3.510422e+00,2.673900e-05,6.025096e+00,5.845344e-17,2.555728e+11,5.347801e-05,1.877304e-04,3.115807e-05
5.200000e-01,3.345170e+00,2.767125e-05,5.515147e+00,5.890054e-17,2.501197e+11,5.534251e-05,1.851301e-04,3.356758e-05
5.300000e-01,3.188266e+00,2.858993e-05,5.051503e+00,5.931425e-17,2.445844e+11,5.717986e-05,1.823046e-04,3.608918e-05
5.400000e-01,3.039145e+00,2.949396e-05,4.630358e+00,5.969493e-17,2.389831e+11,5.898791e-05,1.792728e-04,3.871684e-05
5.500000e-01,2.897308e+00,3.038235e-05,4.248092e+00,6.004342e-17,2.333300e+11,6.076469e-05,1.760540e-04,4.144308e-05
5.600000e-01,2.762313e+00,3.125422e-05,3.901293e+00,6.036108e-17,2.276380e+11,6.250843e-05,1.726679e-04,4.425914e-05
5.700000e-01,2.633768e+00,3.210878e-05,3.586764e+00,6.064967e-17,2.219183e+11,6.421756e-05,1.691342e-04,4.715508e-05
5.800000e-01,2.511319e+00,3.294535e-05,3.301531e+00,6.091132e-17,2.161813e+11,6.589069e-05,1.654726e-04,5.011996e-05
5.900000e-01,2.394647e+00,3.376332e-05,3.042837e+00,6.114842e-17,2.104368e+11,6.752665e-05,1.617025e-04,5.314201e-05
6.000000e-01,2.283460e+00,3.456222e-05,2.808147e+00,6.136358e-17,2.046938e+11,6.912444e-05,1.578429e-04,5.620893e-05
6.100000e-01,2.177491e+00,3.534163e-05,2.595132e+00,6.155949e-17,1.989611e+11,7.068327e-05,1.539122e-04,5.930804e-05
6.200000e-01,2.076491e+00,3.610125e-05,2.401666e+00,6.173889e-17,1.932473e+11,7.220251e-05,1.499278e-04,6.242658e-05
6.300000e-01,1.980225e+00,3.684085e-05,2.225814e+00,6.190445e-17,1.875610e+11,7.368170e-05,1.459064e-04,6.555191e-05
6.400000e-01,1.888476e+00,3.756028e-05,2.065819e+00,6.205875e-17,1.819103e+11,7.512056e-05,1.418633e-04,6.867172e-05
6.500000e-01,1.801032e+00,3.825947e-05,1.920091e+00,6.220420e-17,1.763035e+11,7.651895e-05,1.378131e-04,7.177424e-05
6.600000e-01,1.717696e+00,3.893842e-05,1.787197e+00,6.234302e-17,1.707485e+11,7.787684e-05,1.337687e-04,7.484837e-05
6.700000e-01,1.638275e+00,3.959719e-05,1.665842e+00,6.247721e-17,1.652531e+11,7.919438e-05,1.297422e-04,7.788383e-05
6.800000e-01,1.562586e+00,4.023589e-05,1.554867e+00,6.260852e-17,1.598248e+11,8.047178e-05,1.257441e-04,8.087126e-05
6.900000e-01,1.490450e+00,4.085469e-05,1.453228e+00,6.273849e-17,1.544705e+11,8.170939e-05,1.217838e-04,8.380225e-05
7.000000e-01,1.421698e+00,4.145381e-05,1.359991e+00,6.286837e-17,1.491969e+11,8.290761e-05,1.178696e-04,8.666940e-05
