# ASAP7 pmos_lvt L=21nm NFIN=1 |VDS|=0.35 V tt 27C, ESPice BSIM-CMG (gm,gds,Cgg from AC at 1e+06 Hz). MEASURED.
# VGS_V,gm_id_per_V,id_per_fin_A,gm_gds,cgg_per_fin_F,ft_Hz,id_A,gm_S,gds_S
1.000000e-02,3.805494e+01,1.747194e-10,3.194138e+01,2.256655e-17,4.689291e+07,1.747194e-10,6.648936e-09,2.081606e-10
2.000000e-02,3.804092e+01,2.556132e-10,3.199816e+01,2.256957e-17,6.856951e+07,2.556132e-10,9.723759e-09,3.038849e-10
3.000000e-02,3.802021e+01,3.738959e-10,3.205377e+01,2.257399e-17,1.002252e+08,3.738959e-10,1.421560e-08,4.434924e-10
4.000000e-02,3.799047e+01,5.467762e-10,3.211159e+01,2.258046e-17,1.464103e+08,5.467762e-10,2.077229e-08,6.468781e-10
5.000000e-02,3.794865e+01,7.993082e-10,3.217279e+01,2.258991e-17,2.137057e+08,7.993082e-10,3.033267e-08,9.428049e-10
6.000000e-02,3.789105e+01,1.167897e-09,3.223354e+01,2.260373e-17,3.115884e+08,1.167897e-09,4.425285e-08,1.372882e-09
7.000000e-02,3.781354e+01,1.705309e-09,3.229730e+01,2.262388e-17,4.536316e+08,1.705309e-09,6.448376e-08,1.996568e-09
8.000000e-02,3.771181e+01,2.487790e-09,3.236748e+01,2.265327e-17,6.591442e+08,2.487790e-09,9.381907e-08,2.898560e-09
9.000000e-02,3.758156e+01,3.625120e-09,3.244684e+01,2.269603e-17,9.553609e+08,3.625120e-09,1.362377e-07,4.198796e-09
1.000000e-01,3.741822e+01,5.274669e-09,3.254182e+01,2.275808e-17,1.380266e+09,5.274669e-09,1.973687e-07,6.065079e-09
1.100000e-01,3.721592e+01,7.660844e-09,3.265934e+01,2.284781e-17,1.986007e+09,7.660844e-09,2.851053e-07,8.729671e-09
1.200000e-01,3.696597e+01,1.110145e-08,3.280834e+01,2.297686e-17,2.842572e+09,1.110145e-08,4.103760e-07,1.250828e-08
1.300000e-01,3.665571e+01,1.604249e-08,3.299967e+01,2.316101e-17,4.040881e+09,1.604249e-08,5.880490e-07,1.781984e-08
1.400000e-01,3.626840e+01,2.310233e-08,3.324362e+01,2.342099e-17,5.693761e+09,2.310233e-08,8.378847e-07,2.520437e-08
1.500000e-01,3.578451e+01,3.312496e-08,3.354807e+01,2.378249e-17,7.932559e+09,3.312496e-08,1.185360e-06,3.533319e-08
1.600000e-01,3.518378e+01,4.723968e-08,3.391450e+01,2.427497e-17,1.089710e+10,4.723968e-08,1.662070e-06,4.900767e-08
1.700000e-01,3.444723e+01,6.692079e-08,3.433264e+01,2.492804e-17,1.471795e+10,6.692079e-08,2.305235e-06,6.714413e-08
1.800000e-01,3.355896e+01,9.403550e-08,3.477694e+01,2.576507e-17,1.949347e+10,9.403550e-08,3.155733e-06,9.074211e-08
1.900000e-01,3.250908e+01,1.308627e-07,3.520704e+01,2.679490e-17,2.526904e+10,1.308627e-07,4.254227e-06,1.208346e-07
2.000000e-01,3.129855e+01,1.800648e-07,3.557398e+01,2.800495e-17,3.202863e+10,1.800648e-07,5.635767e-06,1.584239e-07
2.100000e-01,2.994394e+01,2.446033e-07,3.583004e+01,2.935979e-17,3.970439e+10,2.446033e-07,7.324387e-06,2.044203e-07
2.200000e-01,2.847813e+01,3.276099e-07,3.593683e+01,3.080740e-17,4.819850e+10,3.276099e-07,9.329717e-06,2.596144e-07
2.300000e-01,2.694492e+01,4.322376e-07,3.586881e+01,3.229066e-17,5.740406e+10,4.322376e-07,1.164661e-05,3.247001e-07
2.400000e-01,2.539018e+01,5.615219e-07,3.561258e+01,3.375854e-17,6.721544e+10,5.615219e-07,1.425714e-05,4.003401e-07
2.500000e-01,2.385409e+01,7.182677e-07,3.516411e+01,3.517286e-17,7.752854e+10,7.182677e-07,1.713362e-05,4.872475e-07
2.600000e-01,2.236704e+01,9.049659e-07,3.452625e+01,3.650979e-17,8.823717e+10,9.049659e-07,2.024141e-05,5.862614e-07
2.700000e-01,2.094917e+01,1.123737e-06,3.370696e+01,3.775779e-17,9.923045e+10,1.123737e-06,2.354135e-05,6.984122e-07
2.800000e-01,1.961201e+01,1.376295e-06,3.271850e+01,3.891445e-17,1.103934e+11,1.376295e-06,2.699192e-05,8.249742e-07
2.900000e-01,1.836073e+01,1.663937e-06,3.157702e+01,3.998319e-17,1.216100e+11,1.663937e-06,3.055110e-05,9.675105e-07
3.000000e-01,1.719616e+01,1.987543e-06,3.030221e+01,4.097086e-17,1.327679e+11,1.987543e-06,3.417811e-05,1.127908e-06
3.100000e-01,1.611628e+01,2.347597e-06,2.891668e+01,4.188586e-17,1.437610e+11,2.347597e-06,3.783453e-05,1.308398e-06
3.200000e-01,1.511718e+01,2.744212e-06,2.744514e+01,4.273701e-17,1.544915e+11,2.744212e-06,4.148475e-05,1.511552e-06
3.300000e-01,1.419378e+01,3.177161e-06,2.591335e+01,4.353280e-17,1.648697e+11,3.177161e-06,4.509594e-05,1.740259e-06
3.400000e-01,1.334041e+01,3.645900e-06,2.434703e+01,4.428104e-17,1.748140e+11,3.645900e-06,4.863780e-05,1.997690e-06
3.500000e-01,1.255121e+01,4.149593e-06,2.277080e+01,4.498860e-17,1.842505e+11,4.149593e-06,5.208241e-05,2.287246e-06
3.600000e-01,1.182045e+01,4.687138e-06,2.120733e+01,4.566144e-17,1.931134e+11,4.687138e-06,5.540410e-05,2.612498e-06
3.700000e-01,1.114274e+01,5.257187e-06,1.967660e+01,4.630460e-17,2.013453e+11,5.257187e-06,5.857948e-05,2.977114e-06
3.800000e-01,1.051310e+01,5.858170e-06,1.819547e+01,4.692227e-17,2.088977e+11,5.858170e-06,6.158750e-05,3.384771e-06
3.900000e-01,9.927006e+00,6.488317e-06,1.677744e+01,4.751795e-17,2.157311e+11,6.488317e-06,6.440956e-05,3.839057e-06
4.000000e-01,9.380438e+00,7.145687e-06,1.543268e+01,4.809452e-17,2.218154e+11,7.145687e-06,6.702967e-05,4.343361e-06
4.100000e-01,8.869809e+00,7.828193e-06,1.416813e+01,4.865433e-17,2.271300e+11,7.828193e-06,6.943458e-05,4.900757e-06
4.200000e-01,8.391963e+00,8.533627e-06,1.298790e+01,4.919932e-17,2.316638e+11,8.533627e-06,7.161388e-05,5.513893e-06
4.300000e-01,7.944119e+00,9.259693e-06,1.189355e+01,4.973109e-17,2.354152e+11,9.259693e-06,7.356010e-05,6.184874e-06
4.400000e-01,7.523837e+00,1.000404e-05,1.088459e+01,5.025097e-17,2.383913e+11,1.000404e-05,7.526874e-05,6.915165e-06
4.500000e-01,7.128969e+00,1.076427e-05,9.958870e+00,5.076005e-17,2.406076e+11,1.076427e-05,7.673814e-05,7.705507e-06
4.600000e-01,6.757622e+00,1.153801e-05,9.112989e+00,5.125927e-17,2.420875e+11,1.153801e-05,7.796948e-05,8.555862e-06
4.700000e-01,6.408120e+00,1.232288e-05,8.342669e+00,5.174937e-17,2.428610e+11,1.232288e-05,7.896648e-05,9.465374e-06
4.800000e-01,6.078970e+00,1.311657e-05,7.643065e+00,5.223101e-17,2.429641e+11,1.311657e-05,7.973527e-05,1.043237e-05
4.900000e-01,5.768837e+00,1.391685e-05,7.009026e+00,5.270473e-17,2.424375e+11,1.391685e-05,8.028404e-05,1.145438e-05
5.000000e-01,5.476512e+00,1.472155e-05,6.435305e+00,5.317098e-17,2.413255e+11,1.472155e-05,8.062277e-05,1.252820e-05
5.100000e-01,5.200898e+00,1.552864e-05,5.916712e+00,5.363011e-17,2.396753e+11,1.552864e-05,8.076290e-05,1.364996e-05
5.200000e-01,4.940989e+00,1.633619e-05,5.448235e+00,5.408242e-17,2.375356e+11,1.633619e-05,8.071695e-05,1.481525e-05
5.300000e-01,4.695854e+00,1.714241e-05,5.025114e+00,5.452815e-17,2.349556e+11,1.714241e-05,8.049824e-05,1.601919e-05
5.400000e-01,4.464628e+00,1.794563e-05,4.642893e+00,5.496748e-17,2.319841e+11,1.794563e-05,8.012055e-05,1.725660e-05
5.500000e-01,4.246501e+00,1.874433e-05,4.297448e+00,5.540055e-17,2.286690e+11,1.874433e-05,7.959783e-05,1.852211e-05
5.600000e-01,4.040711e+00,1.953715e-05,3.984998e+00,5.582745e-17,2.250563e+11,1.953715e-05,7.894396e-05,1.981029e-05
5.700000e-01,3.846539e+00,2.032282e-05,3.702099e+00,5.624825e-17,2.211899e+11,2.032282e-05,7.817252e-05,2.111573e-05
5.800000e-01,3.663304e+00,2.110025e-05,3.445636e+00,5.666299e-17,2.171107e+11,2.110025e-05,7.729662e-05,2.243319e-05
5.900000e-01,3.490361e+00,2.186845e-05,3.212807e+00,5.707170e-17,2.128569e+11,2.186845e-05,7.632879e-05,2.375766e-05
6.000000e-01,3.327101e+00,2.262656e-05,3.001100e+00,5.747436e-17,2.084637e+11,2.262656e-05,7.528085e-05,2.508442e-05
6.100000e-01,3.172946e+00,2.337383e-05,2.808273e+00,5.787097e-17,2.039632e+11,2.337383e-05,7.416390e-05,2.640907e-05
6.200000e-01,3.027348e+00,2.410964e-05,2.632331e+00,5.826151e-17,1.993845e+11,2.410964e-05,7.298826e-05,2.772761e-05
6.300000e-01,2.889792e+00,2.483344e-05,2.471500e+00,5.864592e-17,1.947537e+11,2.483344e-05,7.176347e-05,2.903640e-05
6.400000e-01,2.759794e+00,2.554478e-05,2.324210e+00,5.902417e-17,1.900942e+11,2.554478e-05,7.049831e-05,3.033217e-05
6.500000e-01,2.636896e+00,2.624329e-05,2.189066e+00,5.939619e-17,1.854270e+11,2.624329e-05,6.920084e-05,3.161203e-05
6.600000e-01,2.520670e+00,2.692871e-05,2.064838e+00,5.976191e-17,1.807703e+11,2.692871e-05,6.787838e-05,3.287346e-05
6.700000e-01,2.410714e+00,2.760080e-05,1.950435e+00,6.012126e-17,1.761406e+11,2.760080e-05,6.653763e-05,3.411425e-05
6.800000e-01,2.306651e+00,2.825942e-05,1.844891e+00,6.047416e-17,1.715519e+11,2.825942e-05,6.518463e-05,3.533250e-05
6.900000e-01,2.208130e+00,2.890447e-05,1.747351e+00,6.082052e-17,1.670166e+11,2.890447e-05,6.382483e-05,3.652662e-05
7.000000e-01,2.114821e+00,2.953591e-05,1.657056e+00,6.116027e-17,1.625454e+11,2.953591e-05,6.246316e-05,3.769527e-05
