# ASAP7 pmos_rvt L=21nm NFIN=2 |VDS|=0.35 V tt 27C, ESPice BSIM-CMG (gm,gds,Cgg from AC at 1e+06 Hz). MEASURED.
# VGS_V,gm_id_per_V,id_per_fin_A,gm_gds,cgg_per_fin_F,ft_Hz,id_A,gm_S,gds_S
1.000000e-02,3.816003e+01,1.756425e-11,3.266263e+01,2.256073e-17,4.728306e+06,3.512851e-11,1.340505e-09,4.104095e-11
2.000000e-02,3.816265e+01,2.572546e-11,3.271053e+01,2.256106e-17,6.925681e+06,5.145092e-11,1.963504e-09,6.002665e-11
3.000000e-02,3.816309e+01,3.767933e-11,3.276795e+01,2.256154e-17,1.014374e+07,7.535866e-11,2.875919e-09,8.776624e-11
4.000000e-02,3.816145e+01,5.518748e-11,3.278739e+01,2.256224e-17,1.485605e+07,1.103750e-10,4.212068e-09,1.284661e-10
5.000000e-02,3.815752e+01,8.082878e-11,3.284399e+01,2.256328e-17,2.175525e+07,1.616576e-10,6.168451e-09,1.878107e-10
6.000000e-02,3.815077e+01,1.183773e-10,3.289838e+01,2.256479e-17,3.185375e+07,2.367546e-10,9.032371e-09,2.745537e-10
7.000000e-02,3.814031e+01,1.733541e-10,3.295060e+01,2.256701e-17,4.662989e+07,3.467081e-10,1.322356e-08,4.013145e-10
8.000000e-02,3.812480e+01,2.538305e-10,3.300577e+01,2.257026e-17,6.823936e+07,5.076609e-10,1.935447e-08,5.863967e-10
9.000000e-02,3.810234e+01,3.715967e-10,3.305674e+01,2.257501e-17,9.981955e+07,7.431934e-10,2.831741e-08,8.566303e-10
1.000000e-01,3.807041e+01,5.438546e-10,3.310690e+01,2.258197e-17,1.459246e+08,1.087709e-09,4.140953e-08,1.250783e-09
1.100000e-01,3.802579e+01,7.956624e-10,3.316078e+01,2.259215e-17,2.131423e+08,1.591325e-09,6.051138e-08,1.824787e-09
1.200000e-01,3.796468e+01,1.163447e-09,3.321558e+01,2.260703e-17,3.109590e+08,2.326895e-09,8.833981e-08,2.659590e-09
1.300000e-01,3.788290e+01,1.700027e-09,3.327277e+01,2.262876e-17,4.529585e+08,3.400055e-09,1.288039e-07,3.871151e-09
1.400000e-01,3.777616e+01,2.481746e-09,3.333701e+01,2.266046e-17,6.584556e+08,4.963491e-09,1.875017e-07,5.624429e-09
1.500000e-01,3.764025e+01,3.618539e-09,3.341054e+01,2.270661e-17,9.546708e+08,7.237078e-09,2.724054e-07,8.153279e-09
1.600000e-01,3.747049e+01,5.268020e-09,3.349972e+01,2.277359e-17,1.379512e+09,1.053604e-08,3.947906e-07,1.178489e-08
1.700000e-01,3.726061e+01,7.654907e-09,3.361238e+01,2.287044e-17,1.984885e+09,1.530981e-08,5.704529e-07,1.697151e-08
1.800000e-01,3.700105e+01,1.109730e-08,3.375778e+01,2.300964e-17,2.840152e+09,2.219460e-08,8.212234e-07,2.432694e-08
1.900000e-01,3.667790e+01,1.604114e-08,3.394638e+01,2.320807e-17,4.034789e+09,3.208227e-08,1.176710e-06,3.466380e-08
2.000000e-01,3.627295e+01,2.310357e-08,3.418865e+01,2.348762e-17,5.678624e+09,4.620715e-08,1.676070e-06,4.902415e-08
2.100000e-01,3.576532e+01,3.312450e-08,3.449227e+01,2.387514e-17,7.897426e+09,6.624900e-08,2.369416e-06,6.869413e-08
2.200000e-01,3.513390e+01,4.722299e-08,3.485787e+01,2.440070e-17,1.082175e+10,9.444597e-08,3.318255e-06,9.519385e-08
2.300000e-01,3.435982e+01,6.685159e-08,3.527406e+01,2.509336e-17,1.456881e+10,1.337032e-07,4.594017e-06,1.302378e-07
2.400000e-01,3.342882e+01,9.383644e-08,3.571358e+01,2.597416e-17,1.922079e+10,1.876729e-07,6.273683e-06,1.756666e-07
2.500000e-01,3.233441e+01,1.303868e-07,3.613415e+01,2.704772e-17,2.480779e+10,2.607736e-07,8.431961e-06,2.333516e-07
2.600000e-01,3.108224e+01,1.790587e-07,3.648531e+01,2.829610e-17,3.130411e+10,3.581174e-07,1.113109e-05,3.050842e-07
2.700000e-01,2.969369e+01,2.426679e-07,3.671814e+01,2.967906e-17,3.864084e+10,4.853358e-07,1.441141e-05,3.924876e-07
2.800000e-01,2.820502e+01,3.241651e-07,3.679367e+01,3.114195e-17,4.672690e+10,6.483302e-07,1.828617e-05,4.969922e-07
2.900000e-01,2.666109e+01,4.264991e-07,3.668626e+01,3.262776e-17,5.546627e+10,8.529982e-07,2.274186e-05,6.199015e-07
3.000000e-01,2.510672e+01,5.524930e-07,3.638280e+01,3.408766e-17,6.476490e+10,1.104986e-06,2.774257e-05,7.625190e-07
3.100000e-01,2.357978e+01,7.047458e-07,3.588008e+01,3.548657e-17,7.452953e+10,1.409492e-06,3.323551e-05,9.262941e-07
3.200000e-01,2.210811e+01,8.855614e-07,3.518218e+01,3.680359e-17,8.466428e+10,1.771123e-06,3.915617e-05,1.112955e-06
3.300000e-01,2.070957e+01,1.096901e-06,3.429876e+01,3.802954e-17,9.506866e+10,2.193802e-06,4.543268e-05,1.324616e-06
3.400000e-01,1.939386e+01,1.340355e-06,3.324407e+01,3.916361e-17,1.056383e+11,2.680710e-06,5.198931e-05,1.563867e-06
3.500000e-01,1.816476e+01,1.617133e-06,3.203637e+01,4.021024e-17,1.162677e+11,3.234267e-06,5.874969e-05,1.833844e-06
3.600000e-01,1.702208e+01,1.928067e-06,3.069737e+01,4.117681e-17,1.268535e+11,3.856135e-06,6.563945e-05,2.138276e-06
3.700000e-01,1.596311e+01,2.273626e-06,2.925151e+01,4.207195e-17,1.372979e+11,4.547252e-06,7.258829e-05,2.481523e-06
3.800000e-01,1.498355e+01,2.653940e-06,2.772493e+01,4.290455e-17,1.475103e+11,5.307879e-06,7.953085e-05,2.868568e-06
3.900000e-01,1.407815e+01,3.068823e-06,2.614439e+01,4.368304e-17,1.574073e+11,6.137647e-06,8.640673e-05,3.304982e-06
4.000000e-01,1.324122e+01,3.517802e-06,2.453611e+01,4.441512e-17,1.669125e+11,7.035605e-06,9.316002e-05,3.796854e-06
4.100000e-01,1.246694e+01,4.000132e-06,2.292478e+01,4.510756e-17,1.759564e+11,8.000265e-06,9.973883e-05,4.350699e-06
4.200000e-01,1.174965e+01,4.514820e-06,2.133275e+01,4.576621e-17,1.844762e+11,9.029639e-06,1.060951e-04,4.973343e-06
4.300000e-01,1.108403e+01,5.060638e-06,1.977940e+01,4.639604e-17,1.924164e+11,1.012128e-05,1.121845e-04,5.671786e-06
4.400000e-01,1.046519e+01,5.636153e-06,1.828083e+01,4.700122e-17,1.997290e+11,1.127231e-05,1.179669e-04,6.453036e-06
4.500000e-01,9.888732e+00,6.239735e-06,1.684974e+01,4.758521e-17,2.063739e+11,1.247947e-05,1.234061e-04,7.323920e-06
4.600000e-01,9.350702e+00,6.869590e-06,1.549545e+01,4.815091e-17,2.123199e+11,1.373918e-05,1.284710e-04,8.290882e-06
4.700000e-01,8.847621e+00,7.523777e-06,1.422421e+01,4.870070e-17,2.175441e+11,1.504755e-05,1.331350e-04,9.359751e-06
4.800000e-01,8.376421e+00,8.200237e-06,1.303943e+01,4.923656e-17,2.220329e+11,1.640047e-05,1.373773e-04,1.053552e-05
4.900000e-01,7.934412e+00,8.896820e-06,1.194217e+01,4.976012e-17,2.257814e+11,1.779364e-05,1.411821e-04,1.182215e-05
5.000000e-01,7.519235e+00,9.611312e-06,1.093147e+01,5.027277e-17,2.287935e+11,1.922262e-05,1.445394e-04,1.322232e-05
5.100000e-01,7.128819e+00,1.034146e-05,1.000484e+01,5.077561e-17,2.310811e+11,2.068292e-05,1.474448e-04,1.473735e-05
5.200000e-01,6.761342e+00,1.108501e-05,9.158606e+00,5.126958e-17,2.326640e+11,2.217002e-05,1.498991e-04,1.636702e-05
5.300000e-01,6.415191e+00,1.183971e-05,8.388286e+00,5.175547e-17,2.335686e+11,2.367942e-05,1.519080e-04,1.810954e-05
5.400000e-01,6.088932e+00,1.260336e-05,7.688878e+00,5.223390e-17,2.338273e+11,2.520672e-05,1.534820e-04,1.996156e-05
5.500000e-01,5.781280e+00,1.337383e-05,7.055120e+00,5.270539e-17,2.334774e+11,2.674766e-05,1.546357e-04,2.191822e-05
5.600000e-01,5.491074e+00,1.414905e-05,6.481681e+00,5.317033e-17,2.325602e+11,2.829810e-05,1.553869e-04,2.397325e-05
5.700000e-01,5.217255e+00,1.492706e-05,5.963315e+00,5.362903e-17,2.311195e+11,2.985412e-05,1.557566e-04,2.611913e-05
5.800000e-01,4.958854e+00,1.570602e-05,5.494970e+00,5.408173e-17,2.292012e+11,3.141203e-05,1.557677e-04,2.834732e-05
5.900000e-01,4.714970e+00,1.648418e-05,5.071865e+00,5.452859e-17,2.268518e+11,3.296836e-05,1.554448e-04,3.064846e-05
6.000000e-01,4.484765e+00,1.725995e-05,4.689530e+00,5.496971e-17,2.241176e+11,3.451990e-05,1.548137e-04,3.301262e-05
6.100000e-01,4.267454e+00,1.803185e-05,4.343837e+00,5.540513e-17,2.210443e+11,3.606370e-05,1.539002e-04,3.542954e-05
6.200000e-01,4.062294e+00,1.879853e-05,4.031005e+00,5.583487e-17,2.176756e+11,3.759705e-05,1.527303e-04,3.788888e-05
6.300000e-01,3.868585e+00,1.955877e-05,3.747599e+00,5.625892e-17,2.140535e+11,3.911753e-05,1.513295e-04,4.038039e-05
6.400000e-01,3.685663e+00,2.031148e-05,3.490511e+00,5.667723e-17,2.102174e+11,4.062295e-05,1.497225e-04,4.289415e-05
6.500000e-01,3.512898e+00,2.105569e-05,3.256953e+00,5.708976e-17,2.062039e+11,4.211137e-05,1.479330e-04,4.542066e-05
6.600000e-01,3.349694e+00,2.179054e-05,3.044425e+00,5.749643e-17,2.020470e+11,4.358108e-05,1.459833e-04,4.795102e-05
6.700000e-01,3.195486e+00,2.251529e-05,2.850700e+00,5.789717e-17,1.977777e+11,4.503058e-05,1.438946e-04,5.047693e-05
6.800000e-01,3.049740e+00,2.322929e-05,2.673795e+00,5.829188e-17,1.934242e+11,4.645857e-05,1.416866e-04,5.299082e-05
6.900000e-01,2.911952e+00,2.393199e-05,2.511952e+00,5.868048e-17,1.890120e+11,4.786397e-05,1.393776e-04,5.548577e-05
7.000000e-01,2.781647e+00,2.462292e-05,2.363612e+00,5.906288e-17,1.845641e+11,4.924585e-05,1.369846e-04,5.795560e-05
