# ASAP7 pmos_slvt L=21nm NFIN=1 |VDS|=0.35 V tt 27C, ESPice BSIM-CMG (gm,gds,Cgg from AC at 1e+06 Hz). MEASURED.
# VGS_V,gm_id_per_V,id_per_fin_A,gm_gds,cgg_per_fin_F,ft_Hz,id_A,gm_S,gds_S
1.000000e-02,3.770609e+01,1.807531e-09,3.180018e+01,2.262493e-17,4.794353e+08,1.807531e-09,6.815491e-08,2.143224e-09
2.000000e-02,3.760348e+01,2.634074e-09,3.188027e+01,2.265470e-17,6.958535e+08,2.634074e-09,9.905033e-08,3.106948e-09
3.000000e-02,3.747220e+01,3.834104e-09,3.197032e+01,2.269796e-17,1.007410e+09,3.834104e-09,1.436723e-07,4.493927e-09
4.000000e-02,3.730765e+01,5.572617e-09,3.207603e+01,2.276069e-17,1.453757e+09,5.572617e-09,2.079013e-07,6.481514e-09
5.000000e-02,3.710393e+01,8.084579e-09,3.220506e+01,2.285127e-17,2.089234e+09,8.084579e-09,2.999696e-07,9.314363e-09
6.000000e-02,3.685234e+01,1.170229e-08,3.236667e+01,2.298140e-17,2.986617e+09,1.170229e-08,4.312567e-07,1.332410e-08
7.000000e-02,3.654037e+01,1.689140e-08,3.257164e+01,2.316687e-17,4.240249e+09,1.689140e-08,6.172180e-07,1.894955e-08
8.000000e-02,3.615167e+01,2.429660e-08,3.283005e+01,2.342836e-17,5.966944e+09,2.429660e-08,8.783624e-07,2.675483e-08
9.000000e-02,3.566731e+01,3.479658e-08,3.314942e+01,2.379151e-17,8.302426e+09,3.479658e-08,1.241100e-06,3.743958e-08
1.000000e-01,3.506770e+01,4.956565e-08,3.353026e+01,2.428559e-17,1.139094e+10,4.956565e-08,1.738154e-06,5.183836e-08
1.100000e-01,3.433421e+01,7.013532e-08,3.396107e+01,2.493994e-17,1.536698e+10,7.013532e-08,2.408041e-06,7.090591e-08
1.200000e-01,3.345077e+01,9.844341e-08,3.441510e+01,2.577759e-17,2.033156e+10,9.844341e-08,3.293008e-06,9.568498e-08
1.300000e-01,3.240684e+01,1.368528e-07,3.485114e+01,2.680708e-17,2.633062e+10,1.368528e-07,4.434967e-06,1.272546e-07
1.400000e-01,3.120262e+01,1.881205e-07,3.522059e+01,2.801570e-17,3.334616e+10,1.881205e-07,5.869852e-06,1.666597e-07
1.500000e-01,2.985412e+01,2.553092e-07,3.547686e+01,2.936815e-17,4.130610e+10,2.553092e-07,7.622031e-06,2.148452e-07
1.600000e-01,2.839394e+01,3.416516e-07,3.558319e+01,3.081280e-17,5.010696e+10,3.416516e-07,9.700835e-06,2.726241e-07
1.700000e-01,2.686574e+01,4.503960e-07,3.551552e+01,3.229299e-17,5.963553e+10,4.503960e-07,1.210022e-05,3.407023e-07
1.800000e-01,2.531528e+01,5.846613e-07,3.526148e+01,3.375817e-17,6.977958e+10,5.846613e-07,1.480087e-05,4.197460e-07
1.900000e-01,2.378263e+01,7.473198e-07,3.481753e+01,3.517050e-17,8.042813e+10,7.473198e-07,1.777323e-05,5.104678e-07
2.000000e-01,2.229808e+01,9.409093e-07,3.418655e+01,3.650630e-17,9.146766e+10,9.409093e-07,2.098047e-05,6.137055e-07
2.100000e-01,2.088179e+01,1.167574e-06,3.337626e+01,3.775416e-17,1.027797e+11,1.167574e-06,2.438104e-05,7.304905e-07
2.200000e-01,1.954544e+01,1.429028e-06,3.239856e+01,3.891163e-17,1.142423e+11,1.429028e-06,2.793098e-05,8.621057e-07
2.300000e-01,1.829446e+01,1.726544e-06,3.126918e+01,3.998214e-17,1.257336e+11,1.726544e-06,3.158619e-05,1.010138e-06
2.400000e-01,1.712996e+01,2.060961e-06,3.000743e+01,4.097244e-17,1.371369e+11,2.060961e-06,3.530417e-05,1.176514e-06
2.500000e-01,1.605009e+01,2.432704e-06,2.863555e+01,4.189088e-17,1.483431e+11,2.432704e-06,3.904513e-05,1.363519e-06
2.600000e-01,1.505101e+01,2.841817e-06,2.717795e+01,4.274618e-17,1.592518e+11,2.841817e-06,4.277220e-05,1.573783e-06
2.700000e-01,1.412762e+01,3.287988e-06,2.566011e+01,4.354675e-17,1.697711e+11,3.287988e-06,4.645145e-05,1.810259e-06
2.800000e-01,1.327425e+01,3.770582e-06,2.410761e+01,4.430028e-17,1.798176e+11,3.770582e-06,5.005165e-05,2.076176e-06
2.900000e-01,1.248506e+01,4.288662e-06,2.254499e+01,4.501354e-17,1.893169e+11,4.288662e-06,5.354421e-05,2.374994e-06
3.000000e-01,1.175436e+01,4.841020e-06,2.099488e+01,4.569238e-17,1.982039e+11,4.841020e-06,5.690310e-05,2.710333e-06
3.100000e-01,1.107678e+01,5.426200e-06,1.947724e+01,4.634169e-17,2.064228e+11,5.426200e-06,6.010482e-05,3.085900e-06
3.200000e-01,1.044737e+01,6.042523e-06,1.800894e+01,4.696557e-17,2.139272e+11,6.042523e-06,6.312849e-05,3.505397e-06
3.300000e-01,9.861657e+00,6.688115e-06,1.660345e+01,4.756737e-17,2.206808e+11,6.688115e-06,6.595590e-05,3.972421e-06
3.400000e-01,9.315614e+00,7.360935e-06,1.527089e+01,4.814985e-17,2.266573e+11,7.360935e-06,6.857163e-05,4.490350e-06
3.500000e-01,8.805674e+00,8.058800e-06,1.401815e+01,4.871524e-17,2.318399e+11,8.058800e-06,7.096317e-05,5.062234e-06
3.600000e-01,8.328681e+00,8.779419e-06,1.284927e+01,4.926539e-17,2.362219e+11,8.779419e-06,7.312098e-05,5.690674e-06
3.700000e-01,7.881852e+00,9.520419e-06,1.176573e+01,4.980180e-17,2.398056e+11,9.520419e-06,7.503853e-05,6.377718e-06
3.800000e-01,7.462737e+00,1.027938e-05,1.076699e+01,5.032572e-17,2.426024e+11,1.027938e-05,7.671228e-05,7.124763e-06
3.900000e-01,7.069176e+00,1.105385e-05,9.850847e+00,5.083819e-17,2.446315e+11,1.105385e-05,7.814160e-05,7.932475e-06
4.000000e-01,6.699259e+00,1.184140e-05,9.013862e+00,5.134009e-17,2.459197e+11,1.184140e-05,7.932860e-05,8.800734e-06
4.100000e-01,6.351293e+00,1.263963e-05,8.251750e+00,5.183216e-17,2.465002e+11,1.263963e-05,8.027798e-05,9.728601e-06
4.200000e-01,6.023767e+00,1.344619e-05,7.559669e+00,5.231504e-17,2.464115e+11,1.344619e-05,8.099673e-05,1.071432e-05
4.300000e-01,5.715328e+00,1.425882e-05,6.932491e+00,5.278928e-17,2.456967e+11,1.425882e-05,8.149386e-05,1.175535e-05
4.400000e-01,5.424751e+00,1.507537e-05,6.365000e+00,5.325534e-17,2.444019e+11,1.507537e-05,8.178010e-05,1.284841e-05
4.500000e-01,5.150921e+00,1.589376e-05,5.852048e+00,5.371363e-17,2.425757e+11,1.589376e-05,8.186752e-05,1.398955e-05
4.600000e-01,4.892818e+00,1.671210e-05,5.388668e+00,5.416448e-17,2.402678e+11,1.671210e-05,8.176924e-05,1.517430e-05
4.700000e-01,4.649498e+00,1.752858e-05,4.970150e+00,5.460819e-17,2.375281e+11,1.752858e-05,8.149908e-05,1.639771e-05
4.800000e-01,4.420086e+00,1.834155e-05,4.592085e+00,5.504499e-17,2.344062e+11,1.834155e-05,8.107124e-05,1.765456e-05
4.900000e-01,4.203760e+00,1.914952e-05,4.250396e+00,5.547507e-17,2.309501e+11,1.914952e-05,8.050000e-05,1.893941e-05
5.000000e-01,3.999752e+00,1.995112e-05,3.941345e+00,5.589861e-17,2.272059e+11,1.995112e-05,7.979954e-05,2.024678e-05
5.100000e-01,3.807335e+00,2.074513e-05,3.661527e+00,5.631572e-17,2.232172e+11,2.074513e-05,7.898366e-05,2.157123e-05
5.200000e-01,3.625823e+00,2.153045e-05,3.407865e+00,5.672651e-17,2.190251e+11,2.153045e-05,7.806563e-05,2.290749e-05
5.300000e-01,3.454568e+00,2.230614e-05,3.177589e+00,5.713105e-17,2.146674e+11,2.230614e-05,7.705808e-05,2.425049e-05
5.400000e-01,3.292955e+00,2.307136e-05,2.968214e+00,5.752939e-17,2.101790e+11,2.307136e-05,7.597293e-05,2.559550e-05
5.500000e-01,3.140403e+00,2.382538e-05,2.777524e+00,5.792158e-17,2.055914e+11,2.382538e-05,7.482129e-05,2.693812e-05
5.600000e-01,2.996365e+00,2.456760e-05,2.603545e+00,5.830763e-17,2.009334e+11,2.456760e-05,7.361348e-05,2.827433e-05
5.700000e-01,2.860322e+00,2.529749e-05,2.444521e+00,5.868753e-17,1.962306e+11,2.529749e-05,7.235898e-05,2.960047e-05
5.800000e-01,2.731789e+00,2.601465e-05,2.298898e+00,5.906127e-17,1.915060e+11,2.601465e-05,7.106653e-05,3.091331e-05
5.900000e-01,2.610307e+00,2.671872e-05,2.165295e+00,5.942883e-17,1.867800e+11,2.671872e-05,6.974408e-05,3.220997e-05
6.000000e-01,2.495448e+00,2.740946e-05,2.042493e+00,5.979016e-17,1.820704e+11,2.740946e-05,6.839887e-05,3.348794e-05
6.100000e-01,2.386809e+00,2.808665e-05,1.929411e+00,6.014521e-17,1.773930e+11,2.808665e-05,6.703745e-05,3.474504e-05
6.200000e-01,2.284013e+00,2.875017e-05,1.825092e+00,6.049393e-17,1.727616e+11,2.875017e-05,6.566575e-05,3.597943e-05
6.300000e-01,2.186707e+00,2.939995e-05,1.728688e+00,6.083624e-17,1.681880e+11,2.939995e-05,6.428908e-05,3.718953e-05
6.400000e-01,2.094564e+00,3.003595e-05,1.639447e+00,6.117209e-17,1.636823e+11,3.003595e-05,6.291221e-05,3.837405e-05
6.500000e-01,2.007273e+00,3.065820e-05,1.556700e+00,6.150140e-17,1.592532e+11,3.065820e-05,6.153939e-05,3.953195e-05
6.600000e-01,1.924547e+00,3.126677e-05,1.479854e+00,6.182412e-17,1.549080e+11,3.126677e-05,6.017437e-05,4.066238e-05
6.700000e-01,1.846117e+00,3.186173e-05,1.408377e+00,6.214018e-17,1.506524e+11,3.186173e-05,5.882047e-05,4.176471e-05
6.800000e-01,1.771729e+00,3.244322e-05,1.341798e+00,6.244955e-17,1.464914e+11,3.244322e-05,5.748060e-05,4.283849e-05
6.900000e-01,1.701148e+00,3.301140e-05,1.279692e+00,6.275218e-17,1.424287e+11,3.301140e-05,5.615728e-05,4.388344e-05
7.000000e-01,1.634153e+00,3.356643e-05,1.221679e+00,6.304804e-17,1.384670e+11,3.356643e-05,5.485267e-05,4.489940e-05
