# nmos_rvt L=0.07um NFIN=10 (W=0.705um) VDS=0.35V tt 27C (ESPice, gm/gds/cgg from AC at 1e+06 Hz)
# VGS, gm_ID, ID_per_W, gm, gds, gm_gds, cgg
5.000000e-03,3.020603e+01,3.908015e-11,8.322215e-10,6.855316e-11,1.213980e+01,2.256037e-16
1.000000e-02,3.119459e+01,4.612266e-11,1.014338e-09,6.900791e-11,1.469886e+01,2.256044e-16
1.500000e-02,3.240258e+01,5.407479e-11,1.235275e-09,6.969003e-11,1.772527e+01,2.256052e-16
2.000000e-02,3.344583e+01,6.375549e-11,1.503311e-09,7.071321e-11,2.125926e+01,2.256062e-16
2.500000e-02,3.433723e+01,7.553327e-11,1.828490e-09,7.207746e-11,2.536841e+01,2.256074e-16
3.000000e-02,3.509190e+01,8.985522e-11,2.222999e-09,7.389644e-11,3.008263e+01,2.256088e-16
3.500000e-02,3.572584e+01,1.072638e-10,2.701622e-09,7.628387e-11,3.541538e+01,2.256106e-16
4.000000e-02,3.625484e+01,1.284171e-10,3.282296e-09,7.935341e-11,4.136301e+01,2.256127e-16
4.500000e-02,3.669380e+01,1.541135e-10,3.986783e-09,8.321877e-11,4.790725e+01,2.256153e-16
5.000000e-02,3.705635e+01,1.853218e-10,4.841483e-09,8.810730e-11,5.494985e+01,2.256184e-16
5.500000e-02,3.735460e+01,2.232173e-10,5.878427e-09,9.424639e-11,6.237297e+01,2.256222e-16
6.000000e-02,3.759913e+01,2.692258e-10,7.136474e-09,1.017497e-10,7.013753e+01,2.256268e-16
6.500000e-02,3.779905e+01,3.250773e-10,8.662766e-09,1.111857e-10,7.791257e+01,2.256324e-16
7.000000e-02,3.796209e+01,3.928703e-10,1.051450e-08,1.226681e-10,8.571499e+01,2.256392e-16
7.500000e-02,3.809475e+01,4.751513e-10,1.276104e-08,1.367653e-10,9.330617e+01,2.256475e-16
8.000000e-02,3.820249e+01,5.750090e-10,1.548658e-08,1.540457e-10,1.005324e+02,2.256575e-16
8.500000e-02,3.828980e+01,6.961910e-10,1.879320e-08,1.751914e-10,1.072724e+02,2.256697e-16
9.000000e-02,3.836042e+01,8.432436e-10,2.280476e-08,2.009983e-10,1.134575e+02,2.256844e-16
9.500000e-02,3.841739e+01,1.021682e-09,2.767150e-08,2.324896e-10,1.190225e+02,2.257023e-16
1.000000e-01,3.846322e+01,1.238197e-09,3.357564e-08,2.709157e-10,1.239339e+02,2.257240e-16
1.050000e-01,3.849994e+01,1.500904e-09,4.073821e-08,3.176410e-10,1.282524e+02,2.257503e-16
1.100000e-01,3.852921e+01,1.819648e-09,4.942726e-08,3.744844e-10,1.319875e+02,2.257822e-16
1.150000e-01,3.855235e+01,2.206371e-09,5.996785e-08,4.436060e-10,1.351827e+02,2.258209e-16
1.200000e-01,3.857042e+01,2.675558e-09,7.275416e-08,5.276206e-10,1.378910e+02,2.258679e-16
1.250000e-01,3.858426e+01,3.244776e-09,8.826409e-08,6.295977e-10,1.401912e+02,2.259248e-16
1.300000e-01,3.859454e+01,3.935330e-09,1.070770e-07,7.536300e-10,1.420816e+02,2.259939e-16
1.350000e-01,3.860175e+01,4.773055e-09,1.298950e-07,9.042651e-10,1.436471e+02,2.260777e-16
1.400000e-01,3.860625e+01,5.789278e-09,1.575691e-07,1.087074e-09,1.449480e+02,2.261793e-16
1.450000e-01,3.860830e+01,7.021978e-09,1.911302e-07,1.308990e-09,1.460135e+02,2.263025e-16
1.500000e-01,3.860804e+01,8.517193e-09,2.318267e-07,1.578201e-09,1.468930e+02,2.264519e-16
1.550000e-01,3.860551e+01,1.033072e-08,2.811700e-07,1.905050e-09,1.475919e+02,2.266329e-16
1.600000e-01,3.860068e+01,1.253015e-08,3.409891e-07,2.301590e-09,1.481537e+02,2.268524e-16
1.650000e-01,3.859339e+01,1.519740e-08,4.134960e-07,2.782485e-09,1.486067e+02,2.271183e-16
1.700000e-01,3.858342e+01,1.843162e-08,5.013641e-07,3.365926e-09,1.489528e+02,2.274404e-16
1.750000e-01,3.857042e+01,2.235284e-08,6.078218e-07,4.073286e-09,1.492215e+02,2.278305e-16
1.800000e-01,3.855396e+01,2.710630e-08,7.367638e-07,4.931053e-09,1.494131e+02,2.283026e-16
1.850000e-01,3.853345e+01,3.286757e-08,8.928831e-07,5.970833e-09,1.495408e+02,2.288740e-16
1.900000e-01,3.850819e+01,3.984881e-08,1.081826e-06,7.230938e-09,1.496108e+02,2.295648e-16
1.950000e-01,3.847729e+01,4.830615e-08,1.310376e-06,8.757524e-09,1.496286e+02,2.303996e-16
2.000000e-01,3.843968e+01,5.854843e-08,1.586661e-06,1.060664e-08,1.495913e+02,2.314074e-16
2.050000e-01,3.839410e+01,7.094766e-08,1.920400e-06,1.284536e-08,1.495014e+02,2.326231e-16
2.100000e-01,3.833900e+01,8.595118e-08,2.323174e-06,1.555441e-08,1.493579e+02,2.340874e-16
2.150000e-01,3.827260e+01,1.040960e-07,2.808737e-06,1.883109e-08,1.491543e+02,2.358489e-16
2.200000e-01,3.819277e+01,1.260253e-07,3.393346e-06,2.279160e-08,1.488858e+02,2.379639e-16
2.250000e-01,3.809705e+01,1.525077e-07,4.096115e-06,2.757486e-08,1.485453e+02,2.404982e-16
2.300000e-01,3.798263e+01,1.844581e-07,4.939374e-06,3.334651e-08,1.481227e+02,2.435271e-16
2.350000e-01,3.784629e+01,2.229627e-07,5.949010e-06,4.030323e-08,1.476063e+02,2.471364e-16
2.400000e-01,3.768443e+01,2.693045e-07,7.154755e-06,4.867729e-08,1.469834e+02,2.514221e-16
2.450000e-01,3.749313e+01,3.249918e-07,8.590395e-06,5.874233e-08,1.462386e+02,2.564899e-16
2.500000e-01,3.726812e+01,3.917869e-07,1.029382e-05,7.081815e-08,1.453557e+02,2.624532e-16
2.550000e-01,3.700500e+01,4.717351e-07,1.230687e-05,8.527627e-08,1.443177e+02,2.694309e-16
2.600000e-01,3.669931e+01,5.671915e-07,1.467495e-05,1.025453e-07,1.431070e+02,2.775424e-16
2.650000e-01,3.634676e+01,6.808435e-07,1.744625e-05,1.231151e-07,1.417068e+02,2.869023e-16
2.700000e-01,3.594353e+01,8.157273e-07,2.067068e-05,1.475408e-07,1.401014e+02,2.976126e-16
2.750000e-01,3.548649e+01,9.752346e-07,2.439840e-05,1.764438e-07,1.382786e+02,3.097548e-16
2.800000e-01,3.497358e+01,1.163109e-06,2.867805e-05,2.105129e-07,1.362294e+02,3.233802e-16
2.850000e-01,3.440406e+01,1.383428e-06,3.355484e-05,2.505014e-07,1.339507e+02,3.385027e-16
2.900000e-01,3.377870e+01,1.640570e-06,3.906851e-05,2.972236e-07,1.314449e+02,3.550916e-16
2.950000e-01,3.309995e+01,1.939174e-06,4.525152e-05,3.515474e-07,1.287210e+02,3.730691e-16
3.000000e-01,3.237190e+01,2.284075e-06,5.212760e-05,4.143867e-07,1.257946e+02,3.923114e-16
3.050000e-01,3.160016e+01,2.680245e-06,5.971079e-05,4.866912e-07,1.226872e+02,4.126534e-16
3.100000e-01,3.079151e+01,3.132719e-06,6.800511e-05,5.694372e-07,1.194251e+02,4.338987e-16
3.150000e-01,2.995363e+01,3.646525e-06,7.700479e-05,6.636180e-07,1.160378e+02,4.558310e-16
3.200000e-01,2.909457e+01,4.226618e-06,8.669499e-05,7.702372e-07,1.125562e+02,4.782270e-16
3.250000e-01,2.822236e+01,4.877820e-06,9.705283e-05,8.902945e-07,1.090120e+02,5.008689e-16
3.300000e-01,2.734465e+01,5.604762e-06,1.080485e-04,1.024785e-06,1.054353e+02,5.235540e-16
3.350000e-01,2.646839e+01,6.411847e-06,1.196464e-04,1.174694e-06,1.018532e+02,5.461024e-16
3.400000e-01,2.559966e+01,7.303204e-06,1.318065e-04,1.341000e-06,9.828966e+01,5.683612e-16
3.450000e-01,2.474357e+01,8.282667e-06,1.444847e-04,1.524668e-06,9.476468e+01,5.902061e-16
3.500000e-01,2.390429e+01,9.353747e-06,1.576342e-04,1.726650e-06,9.129484e+01,6.115411e-16
3.550000e-01,2.308506e+01,1.051961e-05,1.712064e-04,1.947892e-06,8.789316e+01,6.322959e-16
3.600000e-01,2.228835e+01,1.178309e-05,1.851510e-04,2.189333e-06,8.456960e+01,6.524234e-16
3.650000e-01,2.151590e+01,1.314663e-05,1.994174e-04,2.451908e-06,8.133151e+01,6.718962e-16
3.700000e-01,2.076889e+01,1.461234e-05,2.139550e-04,2.736554e-06,7.818407e+01,6.907032e-16
3.750000e-01,2.004806e+01,1.618197e-05,2.287141e-04,3.044217e-06,7.513068e+01,7.088465e-16
3.800000e-01,1.935372e+01,1.785692e-05,2.436465e-04,3.375852e-06,7.217334e+01,7.263383e-16
3.850000e-01,1.868591e+01,1.963825e-05,2.587059e-04,3.732435e-06,6.931290e+01,7.431988e-16
3.900000e-01,1.804443e+01,2.152671e-05,2.738481e-04,4.114968e-06,6.654928e+01,7.594537e-16
3.950000e-01,1.742884e+01,2.352272e-05,2.890315e-04,4.524483e-06,6.388166e+01,7.751327e-16
4.000000e-01,1.683858e+01,2.562645e-05,3.042166e-04,4.962053e-06,6.130861e+01,7.902681e-16
4.050000e-01,1.627292e+01,2.783777e-05,3.193663e-04,5.428794e-06,5.882821e+01,8.048933e-16
4.100000e-01,1.573107e+01,3.015630e-05,3.344456e-04,5.925874e-06,5.643819e+01,8.190423e-16
4.150000e-01,1.521214e+01,3.258143e-05,3.494215e-04,6.454514e-06,5.413600e+01,8.327488e-16
4.200000e-01,1.471521e+01,3.511231e-05,3.642631e-04,7.015997e-06,5.191893e+01,8.460457e-16
4.250000e-01,1.423933e+01,3.774789e-05,3.789408e-04,7.611672e-06,4.978417e+01,8.589646e-16
4.300000e-01,1.378353e+01,4.048691e-05,3.934271e-04,8.242954e-06,4.772890e+01,8.715359e-16
4.350000e-01,1.334687e+01,4.332791e-05,4.076958e-04,8.911331e-06,4.575027e+01,8.837880e-16
4.400000e-01,1.292840e+01,4.626926e-05,4.217222e-04,9.618369e-06,4.384550e+01,8.957477e-16
4.450000e-01,1.252721e+01,4.930915e-05,4.354830e-04,1.036571e-05,4.201187e+01,9.074399e-16
4.500000e-01,1.214242e+01,5.244564e-05,4.489560e-04,1.115508e-05,4.024676e+01,9.188878e-16
4.550000e-01,1.177317e+01,5.567659e-05,4.621203e-04,1.198830e-05,3.854762e+01,9.301126e-16
4.600000e-01,1.141863e+01,5.899976e-05,4.749561e-04,1.286724e-05,3.691203e+01,9.411338e-16
4.650000e-01,1.107804e+01,6.241274e-05,4.874446e-04,1.379391e-05,3.533767e+01,9.519691e-16
4.700000e-01,1.075065e+01,6.591300e-05,4.995682e-04,1.477037e-05,3.382232e+01,9.626347e-16
4.750000e-01,1.043574e+01,6.949791e-05,5.113099e-04,1.579880e-05,3.236385e+01,9.731450e-16
4.800000e-01,1.013267e+01,7.316469e-05,5.226541e-04,1.688145e-05,3.096026e+01,9.835132e-16
4.850000e-01,9.840781e+00,7.691047e-05,5.335856e-04,1.802068e-05,2.960963e+01,9.937509e-16
4.900000e-01,9.559494e+00,8.073227e-05,5.440906e-04,1.921894e-05,2.831013e+01,1.003869e-15
4.950000e-01,9.288245e+00,8.462702e-05,5.541558e-04,2.047877e-05,2.706001e+01,1.013875e-15
5.000000e-01,9.026505e+00,8.859157e-05,5.637689e-04,2.180281e-05,2.585762e+01,1.023779e-15
5.050000e-01,8.773778e+00,9.262265e-05,5.729186e-04,2.319379e-05,2.470138e+01,1.033586e-15
5.100000e-01,8.529596e+00,9.671695e-05,5.815943e-04,2.465453e-05,2.358976e+01,1.043303e-15
5.150000e-01,8.293521e+00,1.008711e-04,5.897863e-04,2.618791e-05,2.252132e+01,1.052934e-15
5.200000e-01,8.065141e+00,1.050816e-04,5.974858e-04,2.779690e-05,2.149469e+01,1.062484e-15
5.250000e-01,7.844071e+00,1.093449e-04,6.046847e-04,2.948453e-05,2.050854e+01,1.071955e-15
5.300000e-01,7.629947e+00,1.136574e-04,6.113762e-04,3.125389e-05,1.956160e+01,1.081350e-15
5.350000e-01,7.422430e+00,1.180157e-04,6.175539e-04,3.310806e-05,1.865268e+01,1.090670e-15
5.400000e-01,7.221202e+00,1.224158e-04,6.232126e-04,3.505016e-05,1.778059e+01,1.099917e-15
5.450000e-01,7.025965e+00,1.268543e-04,6.283481e-04,3.708329e-05,1.694424e+01,1.109090e-15
5.500000e-01,6.836439e+00,1.313273e-04,6.329570e-04,3.921049e-05,1.614254e+01,1.118189e-15
5.550000e-01,6.652364e+00,1.358312e-04,6.370368e-04,4.143471e-05,1.537447e+01,1.127214e-15
5.600000e-01,6.473495e+00,1.403621e-04,6.405864e-04,4.375879e-05,1.463903e+01,1.136163e-15
5.650000e-01,6.299606e+00,1.449162e-04,6.436053e-04,4.618540e-05,1.393525e+01,1.145035e-15
5.700000e-01,6.130484e+00,1.494900e-04,6.460943e-04,4.871698e-05,1.326220e+01,1.153827e-15
5.750000e-01,5.965930e+00,1.540795e-04,6.480553e-04,5.135572e-05,1.261895e+01,1.162539e-15
5.800000e-01,5.805763e+00,1.586810e-04,6.494913e-04,5.410351e-05,1.200461e+01,1.171168e-15
5.850000e-01,5.649809e+00,1.632909e-04,6.504064e-04,5.696184e-05,1.141828e+01,1.179712e-15
5.900000e-01,5.497912e+00,1.679054e-04,6.508060e-04,5.993183e-05,1.085911e+01,1.188169e-15
5.950000e-01,5.349922e+00,1.725210e-04,6.506965e-04,6.301411e-05,1.032620e+01,1.196537e-15
6.000000e-01,5.205705e+00,1.771340e-04,6.500855e-04,6.620884e-05,9.818712e+00,1.204814e-15
6.050000e-01,5.065133e+00,1.817409e-04,6.489818e-04,6.951563e-05,9.335769e+00,1.213000e-15
6.100000e-01,4.928088e+00,1.863382e-04,6.473953e-04,7.293354e-05,8.876511e+00,1.221092e-15
6.150000e-01,4.794463e+00,1.909227e-04,6.453369e-04,7.646105e-05,8.440075e+00,1.229092e-15
6.200000e-01,4.664155e+00,1.954909e-04,6.428187e-04,8.009604e-05,8.025598e+00,1.236997e-15
6.250000e-01,4.537070e+00,2.000396e-04,6.398536e-04,8.383582e-05,7.632221e+00,1.244809e-15
6.300000e-01,4.413121e+00,2.045658e-04,6.364554e-04,8.767709e-05,7.259084e+00,1.252527e-15
6.350000e-01,4.292226e+00,2.090663e-04,6.326388e-04,9.161599e-05,6.905332e+00,1.260154e-15
6.400000e-01,4.174308e+00,2.135384e-04,6.284194e-04,9.564809e-05,6.570120e+00,1.267690e-15
6.450000e-01,4.059293e+00,2.179792e-04,6.238132e-04,9.976846e-05,6.252609e+00,1.275137e-15
6.500000e-01,3.947114e+00,2.223860e-04,6.188367e-04,1.039717e-04,5.951974e+00,1.282498e-15
6.550000e-01,3.837704e+00,2.267562e-04,6.135073e-04,1.082519e-04,5.667404e+00,1.289773e-15
6.600000e-01,3.731002e+00,2.310874e-04,6.078422e-04,1.126028e-04,5.398107e+00,1.296967e-15
6.650000e-01,3.626948e+00,2.353773e-04,6.018593e-04,1.170179e-04,5.143309e+00,1.304082e-15
6.700000e-01,3.525483e+00,2.396237e-04,5.955764e-04,1.214902e-04,4.902259e+00,1.311119e-15
6.750000e-01,3.426553e+00,2.438245e-04,5.890117e-04,1.260126e-04,4.674227e+00,1.318083e-15
6.800000e-01,3.330101e+00,2.479778e-04,5.821829e-04,1.305779e-04,4.458512e+00,1.324976e-15
6.850000e-01,3.236077e+00,2.520819e-04,5.751081e-04,1.351785e-04,4.254436e+00,1.331800e-15
6.900000e-01,3.144426e+00,2.561349e-04,5.678049e-04,1.398070e-04,4.061349e+00,1.338559e-15
6.950000e-01,3.055097e+00,2.601353e-04,5.602908e-04,1.444558e-04,3.878631e+00,1.345254e-15
7.000000e-01,2.968041e+00,2.640818e-04,5.525829e-04,1.491176e-04,3.705685e+00,1.351888e-15
