# pmos_rvt L=0.021um NFIN=10 (W=0.705um) VDS=0.35V tt 27C (ESPice, gm/gds/cgg from AC at 1e+06 Hz)
# VGS, gm_ID, ID_per_W, gm, gds, gm_gds, cgg
5.000000e-03,3.815779e+01,2.058636e-10,5.537985e-09,1.697344e-10,3.262735e+01,2.256060e-16
1.000000e-02,3.816003e+01,2.491384e-10,6.702526e-09,2.053184e-10,3.264454e+01,2.256073e-16
1.500000e-02,3.816163e+01,3.015129e-10,8.111889e-09,2.482921e-10,3.267076e+01,2.256087e-16
2.000000e-02,3.816265e+01,3.649002e-10,9.817519e-09,3.002469e-10,3.269815e+01,2.256106e-16
2.500000e-02,3.816313e+01,4.416150e-10,1.188165e-08,3.631158e-10,3.272140e+01,2.256127e-16
3.000000e-02,3.816309e+01,5.344586e-10,1.437960e-08,4.390586e-10,3.275098e+01,2.256154e-16
3.500000e-02,3.816254e+01,6.468203e-10,1.740243e-08,5.310312e-10,3.277102e+01,2.256186e-16
4.000000e-02,3.816145e+01,7.828012e-10,2.106034e-08,6.421033e-10,3.279900e+01,2.256224e-16
4.500000e-02,3.815979e+01,9.473627e-10,2.548657e-08,7.763674e-10,3.282798e+01,2.256271e-16
5.000000e-02,3.815752e+01,1.146507e-09,3.084225e-08,9.388259e-10,3.285194e+01,2.256328e-16
5.500000e-02,3.815454e+01,1.387496e-09,3.732219e-08,1.135163e-09,3.287826e+01,2.256396e-16
6.000000e-02,3.815077e+01,1.679111e-09,4.516186e-08,1.372655e-09,3.290110e+01,2.256479e-16
6.500000e-02,3.814608e+01,2.031972e-09,5.464580e-08,1.659600e-09,3.292708e+01,2.256580e-16
7.000000e-02,3.814031e+01,2.458923e-09,6.611778e-08,2.006459e-09,3.295247e+01,2.256701e-16
7.500000e-02,3.813329e+01,2.975488e-09,7.999293e-08,2.425622e-09,3.297831e+01,2.256848e-16
8.000000e-02,3.812480e+01,3.600432e-09,9.677236e-08,2.932097e-09,3.300449e+01,2.257026e-16
8.500000e-02,3.811458e+01,4.356431e-09,1.170607e-07,3.544073e-09,3.302999e+01,2.257241e-16
9.000000e-02,3.810234e+01,5.270875e-09,1.415870e-07,4.283265e-09,3.305587e+01,2.257501e-16
9.500000e-02,3.808774e+01,6.376840e-09,1.712300e-07,5.175934e-09,3.308195e+01,2.257816e-16
1.000000e-01,3.807041e+01,7.714250e-09,2.070477e-07,6.253799e-09,3.310750e+01,2.258197e-16
1.050000e-01,3.804991e+01,9.331273e-09,2.503131e-07,7.554604e-09,3.313385e+01,2.258658e-16
1.100000e-01,3.802579e+01,1.128599e-08,3.025569e-07,9.124051e-09,3.316037e+01,2.259215e-16
1.150000e-01,3.799755e+01,1.364840e-08,3.656171e-07,1.101671e-08,3.318751e+01,2.259889e-16
1.200000e-01,3.796468e+01,1.650280e-08,4.416991e-07,1.329818e-08,3.321501e+01,2.260703e-16
1.250000e-01,3.792664e+01,1.995063e-08,5.334455e-07,1.604656e-08,3.324361e+01,2.261687e-16
1.300000e-01,3.788290e+01,2.411386e-08,6.440196e-07,1.935553e-08,3.327317e+01,2.262876e-16
1.350000e-01,3.783291e+01,2.913905e-08,7.772026e-07,2.333661e-08,3.330401e+01,2.264313e-16
1.400000e-01,3.777616e+01,3.520207e-08,9.375083e-07,2.812226e-08,3.333688e+01,2.266046e-16
1.450000e-01,3.771213e+01,4.251380e-08,1.130316e-06,3.387004e-08,3.337216e+01,2.268138e-16
1.500000e-01,3.764025e+01,5.132680e-08,1.362027e-06,4.076628e-08,3.341063e+01,2.270661e-16
1.550000e-01,3.755994e+01,6.194315e-08,1.640240e-06,4.903143e-08,3.345282e+01,2.273700e-16
1.600000e-01,3.747049e+01,7.472369e-08,1.973953e-06,5.892423e-08,3.349985e+01,2.277359e-16
1.650000e-01,3.737107e+01,9.009867e-08,2.373794e-06,7.074823e-08,3.355269e+01,2.281759e-16
1.700000e-01,3.726060e+01,1.085802e-07,2.852265e-06,8.485733e-08,3.361247e+01,2.287044e-16
1.750000e-01,3.713780e+01,1.307766e-07,3.424014e-06,1.016620e-07,3.368038e+01,2.293380e-16
1.800000e-01,3.700105e+01,1.574085e-07,4.106117e-06,1.216348e-07,3.375775e+01,2.300964e-16
1.850000e-01,3.684848e+01,1.893269e-07,4.918367e-06,1.453163e-07,3.384593e+01,2.310020e-16
1.900000e-01,3.667790e+01,2.275338e-07,5.883552e-06,1.733192e-07,3.394633e+01,2.320807e-16
1.950000e-01,3.648692e+01,2.732044e-07,7.027712e-06,2.063322e-07,3.406018e+01,2.333613e-16
2.000000e-01,3.627295e+01,3.277103e-07,8.380348e-06,2.451210e-07,3.418862e+01,2.348762e-16
2.050000e-01,3.603331e+01,3.926453e-07,9.974560e-06,2.905282e-07,3.433250e+01,2.366605e-16
2.100000e-01,3.576532e+01,4.698511e-07,1.184708e-05,3.434709e-07,3.449224e+01,2.387514e-16
2.150000e-01,3.546634e+01,5.614419e-07,1.403816e-05,4.049352e-07,3.466768e+01,2.411876e-16
2.200000e-01,3.513389e+01,6.698296e-07,1.659127e-05,4.759694e-07,3.485786e+01,2.440070e-16
2.250000e-01,3.476572e+01,7.977440e-07,1.955257e-05,5.576736e-07,3.506095e+01,2.472454e-16
2.300000e-01,3.435982e+01,9.482495e-07,2.297008e-05,6.511892e-07,3.527405e+01,2.509336e-16
2.350000e-01,3.391457e+01,1.124755e-06,2.689263e-05,7.576832e-07,3.549324e+01,2.550947e-16
2.400000e-01,3.342882e+01,1.331013e-06,3.136842e-05,8.783334e-07,3.571356e+01,2.597416e-16
2.450000e-01,3.290203e+01,1.571114e-06,3.644345e-05,1.014310e-06,3.592930e+01,2.648740e-16
2.500000e-01,3.233441e+01,1.849458e-06,4.215980e-05,1.166758e-06,3.613416e+01,2.704772e-16
2.550000e-01,3.172710e+01,2.170728e-06,4.855398e-05,1.336779e-06,3.632162e+01,2.765211e-16
2.600000e-01,3.108224e+01,2.539840e-06,5.565546e-05,1.525421e-06,3.648531e+01,2.829610e-16
2.650000e-01,3.040304e+01,2.961891e-06,6.348559e-05,1.733667e-06,3.661925e+01,2.897397e-16
2.700000e-01,2.969369e+01,3.442098e-06,7.205706e-05,1.962438e-06,3.671814e+01,2.967906e-16
2.750000e-01,2.895917e+01,3.985739e-06,8.137370e-05,2.212595e-06,3.677749e+01,3.040417e-16
2.800000e-01,2.820502e+01,4.598086e-06,9.143083e-05,2.484961e-06,3.679367e+01,3.114195e-16
2.850000e-01,2.743706e+01,5.284351e-06,1.022159e-04,2.780332e-06,3.676392e+01,3.188533e-16
2.900000e-01,2.666109e+01,6.049632e-06,1.137093e-04,3.099507e-06,3.668626e+01,3.262776e-16
2.950000e-01,2.588262e+01,6.898863e-06,1.258853e-04,3.443305e-06,3.655943e+01,3.336349e-16
3.000000e-01,2.510672e+01,7.836779e-06,1.387128e-04,3.812594e-06,3.638280e+01,3.408766e-16
3.050000e-01,2.433783e+01,8.867878e-06,1.521566e-04,4.208308e-06,3.615624e+01,3.479636e-16
3.100000e-01,2.357978e+01,9.996393e-06,1.661775e-04,4.631469e-06,3.588008e+01,3.548657e-16
3.150000e-01,2.283570e+01,1.122627e-05,1.807336e-04,5.083207e-06,3.555504e+01,3.615612e-16
3.200000e-01,2.210811e+01,1.256115e-05,1.957808e-04,5.564772e-06,3.518218e+01,3.680359e-16
3.250000e-01,2.139892e+01,1.400436e-05,2.112731e-04,6.077550e-06,3.476287e+01,3.742815e-16
3.300000e-01,2.070956e+01,1.555887e-05,2.271633e-04,6.623077e-06,3.429876e+01,3.802954e-16
3.350000e-01,2.004100e+01,1.722736e-05,2.434038e-04,7.203049e-06,3.379177e+01,3.860787e-16
3.400000e-01,1.939386e+01,1.901212e-05,2.599465e-04,7.819334e-06,3.324407e+01,3.916361e-16
3.450000e-01,1.876842e+01,2.091514e-05,2.767437e-04,8.473978e-06,3.265806e+01,3.969744e-16
3.500000e-01,1.816476e+01,2.293806e-05,2.937483e-04,9.169214e-06,3.203637e+01,4.021024e-16
3.550000e-01,1.758274e+01,2.508217e-05,3.109144e-04,9.907471e-06,3.138181e+01,4.070300e-16
3.600000e-01,1.702208e+01,2.734847e-05,3.281971e-04,1.069137e-05,3.069738e+01,4.117680e-16
3.650000e-01,1.648237e+01,2.973762e-05,3.455533e-04,1.152375e-05,2.998620e+01,4.163274e-16
3.700000e-01,1.596311e+01,3.225001e-05,3.629413e-04,1.240761e-05,2.925151e+01,4.207195e-16
3.750000e-01,1.546371e+01,3.488570e-05,3.803210e-04,1.334617e-05,2.849664e+01,4.249552e-16
3.800000e-01,1.498354e+01,3.764452e-05,3.976540e-04,1.434283e-05,2.772494e+01,4.290454e-16
3.850000e-01,1.452193e+01,4.052599e-05,4.149034e-04,1.540116e-05,2.693974e+01,4.330005e-16
3.900000e-01,1.407815e+01,4.352939e-05,4.320334e-04,1.652490e-05,2.614439e+01,4.368303e-16
3.950000e-01,1.365149e+01,4.665376e-05,4.490099e-04,1.771792e-05,2.534213e+01,4.405443e-16
4.000000e-01,1.324122e+01,4.989789e-05,4.657998e-04,1.898426e-05,2.453611e+01,4.441511e-16
4.050000e-01,1.284661e+01,5.326033e-05,4.823713e-04,2.032803e-05,2.372937e+01,4.476590e-16
4.100000e-01,1.246694e+01,5.673944e-05,4.986938e-04,2.175348e-05,2.292479e+01,4.510755e-16
4.150000e-01,1.210151e+01,6.033335e-05,5.147378e-04,2.326491e-05,2.212507e+01,4.544077e-16
4.200000e-01,1.174965e+01,6.403996e-05,5.304751e-04,2.486670e-05,2.133275e+01,4.576620e-16
4.250000e-01,1.141069e+01,6.785703e-05,5.458785e-04,2.656323e-05,2.055016e+01,4.608444e-16
4.300000e-01,1.108403e+01,7.178207e-05,5.609222e-04,2.835891e-05,1.977940e+01,4.639603e-16
4.350000e-01,1.076905e+01,7.581246e-05,5.755818e-04,3.025811e-05,1.902240e+01,4.670147e-16
4.400000e-01,1.046519e+01,7.994539e-05,5.898339e-04,3.226515e-05,1.828083e+01,4.700121e-16
4.450000e-01,1.017192e+01,8.417788e-05,6.036568e-04,3.438427e-05,1.755619e+01,4.729566e-16
4.500000e-01,9.888729e+00,8.850683e-05,6.170301e-04,3.661957e-05,1.684974e+01,4.758520e-16
4.550000e-01,9.615138e+00,9.292898e-05,6.299351e-04,3.897502e-05,1.616254e+01,4.787017e-16
4.600000e-01,9.350699e+00,9.744093e-05,6.423543e-04,4.145437e-05,1.549545e+01,4.815089e-16
4.650000e-01,9.094991e+00,1.020392e-04,6.542722e-04,4.406118e-05,1.484918e+01,4.842764e-16
4.700000e-01,8.847618e+00,1.067202e-04,6.656746e-04,4.679871e-05,1.422421e+01,4.870068e-16
4.750000e-01,8.608210e+00,1.114801e-04,6.765493e-04,4.966996e-05,1.362090e+01,4.897024e-16
4.800000e-01,8.376419e+00,1.163153e-04,6.868857e-04,5.267757e-05,1.303943e+01,4.923654e-16
4.850000e-01,8.151920e+00,1.212219e-04,6.966749e-04,5.582385e-05,1.247988e+01,4.949977e-16
4.900000e-01,7.934410e+00,1.261959e-04,7.059097e-04,5.911068e-05,1.194217e+01,4.976011e-16
4.950000e-01,7.723603e+00,1.312335e-04,7.145848e-04,6.253957e-05,1.142612e+01,5.001772e-16
5.000000e-01,7.519233e+00,1.363306e-04,7.226964e-04,6.611155e-05,1.093147e+01,5.027275e-16
5.050000e-01,7.321049e+00,1.414832e-04,7.302427e-04,6.982721e-05,1.045785e+01,5.052533e-16
5.100000e-01,7.128817e+00,1.466873e-04,7.372233e-04,7.368668e-05,1.000484e+01,5.077559e-16
5.150000e-01,6.942316e+00,1.519389e-04,7.436396e-04,7.768956e-05,9.571937e+00,5.102363e-16
5.200000e-01,6.761340e+00,1.572340e-04,7.494945e-04,8.183500e-05,9.158605e+00,5.126957e-16
5.250000e-01,6.585692e+00,1.625687e-04,7.547924e-04,8.612164e-05,8.764259e+00,5.151348e-16
5.300000e-01,6.415189e+00,1.679390e-04,7.595391e-04,9.054761e-05,8.388284e+00,5.175545e-16
5.350000e-01,6.249657e+00,1.733410e-04,7.637420e-04,9.511058e-05,8.030042e+00,5.199557e-16
5.400000e-01,6.088930e+00,1.787710e-04,7.674094e-04,9.980773e-05,7.688877e+00,5.223388e-16
5.450000e-01,5.932854e+00,1.842250e-04,7.705510e-04,1.046358e-04,7.364125e+00,5.247047e-16
5.500000e-01,5.781278e+00,1.896995e-04,7.731776e-04,1.095910e-04,7.055118e+00,5.270537e-16
5.550000e-01,5.634063e+00,1.951909e-04,7.753010e-04,1.146693e-04,6.761190e+00,5.293863e-16
5.600000e-01,5.491072e+00,2.006956e-04,7.769338e-04,1.198661e-04,6.481679e+00,5.317031e-16
5.650000e-01,5.352177e+00,2.062101e-04,7.780894e-04,1.251766e-04,6.215933e+00,5.340042e-16
5.700000e-01,5.217253e+00,2.117312e-04,7.787820e-04,1.305955e-04,5.963313e+00,5.362901e-16
5.750000e-01,5.086183e+00,2.172556e-04,7.790263e-04,1.361174e-04,5.723194e+00,5.385610e-16
5.800000e-01,4.958852e+00,2.227802e-04,7.788375e-04,1.417365e-04,5.494968e+00,5.408172e-16
5.850000e-01,4.835149e+00,2.283020e-04,7.782312e-04,1.474468e-04,5.278048e+00,5.430587e-16
5.900000e-01,4.714968e+00,2.338180e-04,7.772233e-04,1.532422e-04,5.071863e+00,5.452857e-16
5.950000e-01,4.598206e+00,2.393255e-04,7.758299e-04,1.591164e-04,4.875865e+00,5.474984e-16
6.000000e-01,4.484764e+00,2.448218e-04,7.740674e-04,1.650630e-04,4.689527e+00,5.496969e-16
6.050000e-01,4.374544e+00,2.503043e-04,7.719519e-04,1.710755e-04,4.512345e+00,5.518811e-16
6.100000e-01,4.267452e+00,2.557707e-04,7.694998e-04,1.771476e-04,4.343834e+00,5.540511e-16
6.150000e-01,4.163398e+00,2.612185e-04,7.667273e-04,1.832726e-04,4.183534e+00,5.562069e-16
6.200000e-01,4.062292e+00,2.666455e-04,7.636504e-04,1.894443e-04,4.031003e+00,5.583485e-16
6.250000e-01,3.964049e+00,2.720497e-04,7.602849e-04,1.956561e-04,3.885823e+00,5.604759e-16
6.300000e-01,3.868583e+00,2.774290e-04,7.566465e-04,2.019018e-04,3.747596e+00,5.625890e-16
6.350000e-01,3.775814e+00,2.827817e-04,7.527504e-04,2.081753e-04,3.615944e+00,5.646878e-16
6.400000e-01,3.685661e+00,2.881058e-04,7.486116e-04,2.144706e-04,3.490509e+00,5.667722e-16
6.450000e-01,3.598048e+00,2.933997e-04,7.442446e-04,2.207818e-04,3.370951e+00,5.688421e-16
6.500000e-01,3.512897e+00,2.986619e-04,7.396639e-04,2.271032e-04,3.256951e+00,5.708974e-16
6.550000e-01,3.430136e+00,3.038909e-04,7.348830e-04,2.334293e-04,3.148203e+00,5.729382e-16
6.600000e-01,3.349693e+00,3.090854e-04,7.299155e-04,2.397550e-04,3.044423e+00,5.749641e-16
6.650000e-01,3.271499e+00,3.142439e-04,7.247743e-04,2.460750e-04,2.945339e+00,5.769753e-16
6.700000e-01,3.195485e+00,3.193655e-04,7.194720e-04,2.523846e-04,2.850697e+00,5.789715e-16
6.750000e-01,3.121587e+00,3.244489e-04,7.140207e-04,2.586790e-04,2.760257e+00,5.809527e-16
6.800000e-01,3.049739e+00,3.294931e-04,7.084320e-04,2.649540e-04,2.673793e+00,5.829186e-16
6.850000e-01,2.979881e+00,3.344972e-04,7.027172e-04,2.712052e-04,2.591090e+00,5.848694e-16
6.900000e-01,2.911951e+00,3.394605e-04,6.968871e-04,2.774287e-04,2.511950e+00,5.868047e-16
6.950000e-01,2.845892e+00,3.443819e-04,6.909520e-04,2.836208e-04,2.436182e+00,5.887245e-16
7.000000e-01,2.781646e+00,3.492610e-04,6.849220e-04,2.897779e-04,2.363610e+00,5.906286e-16
